Date,IP,PROTAC,WARHEAD,LINKER,LIGASE
2025-11-16_00-11-51,172.19.240.1,CN[C@@H](C)C(=O)N[C@@H](C1CCCCC1)C(C(=O)N1CCN(CC(=O)CC2=CC(Cl)=C(Cl)C=C2)CC1)N1CCC[C@H]1C1=NC2=C(C=CC=C2C2=CC=CC=C2)S1,[1*]C(=O)CC1=CC(Cl)=C(Cl)C=C1,[1*]CN1CCN(C([2*])=O)CC1,[2*]C([C@@H](NC(=O)[C@H](C)NC)C1CCCCC1)N1CCC[C@H]1C1=NC2=C(C=CC=C2C2=CC=CC=C2)S1
2025-11-16_00-20-47,172.19.240.1,CN[C@@H](C)C(=O)N[C@@H](C1CCCCC1)C(CC(=O)N1CCN(CC(C)C2=CC=CC(C[C@H](NC(=O)O[C@H]3CO[C@H]4OCC[C@H]43)[C@H](O)CN(CC(C)C)S(=O)(=O)C3=CC=C4OCOC4=C3)=C2)CC1)N1CCC[C@H]1C1=NC2=C(C=CC=C2C2=CC=CC=C2)S1,[1*]CC(C)C1=CC=CC(C[C@H](NC(=O)O[C@H]2CO[C@H]3OCC[C@H]32)[C@H](O)CN(CC(C)C)S(=O)(=O)C2=CC=C3OCOC3=C2)=C1,[1*]N1CCN(C(=O)C[2*])CC1,[2*]C([C@@H](NC(=O)[C@H](C)NC)C1CCCCC1)N1CCC[C@H]1C1=NC2=C(C=CC=C2C2=CC=CC=C2)S1
2025-11-16_00-35-41,172.19.240.1,CN[C@@H](C)C(=O)N[C@@H](C1CCCCC1)C(CC(=O)N1CCN(CCC(C)C2=CC=CC(C[C@H](NC(=O)O[C@H]3CO[C@H]4OCC[C@H]43)[C@H](O)CN(CC(C)C)S(=O)(=O)C3=CC=C4OCOC4=C3)=C2)CC1)N1CCC[C@H]1C1=NC2=C(C=CC=C2C2=CC=CC=C2)S1,[1*]CC(C)C1=CC=CC(C[C@H](NC(=O)O[C@H]2CO[C@H]3OCC[C@H]32)[C@H](O)CN(CC(C)C)S(=O)(=O)C2=CC=C3OCOC3=C2)=C1,[1*]CN1CCN(C(=O)C[2*])CC1,[2*]C([C@@H](NC(=O)[C@H](C)NC)C1CCCCC1)N1CCC[C@H]1C1=NC2=C(C=CC=C2C2=CC=CC=C2)S1
2025-11-16_00-44-32,172.19.240.1,CN[C@@H](C)C(=O)N[C@@H](C1CCCCC1)C(C1C=CCC(N2CCC3(CCC(C4CCC5=C(C4)N(CC(=O)O)N=C5C(F)(F)F)CC3)CC2)C1)N1CCC[C@H]1C1=NC2=C(C=CC=C2C2=CC=CC=C2)S1,[1*]C1CCC2=C(C1)N(CC(=O)O)N=C2C(F)(F)F,[1*]C1CCC2(CC1)CCN(C1CC=CC([2*])C1)CC2,[2*]C([C@@H](NC(=O)[C@H](C)NC)C1CCCCC1)N1CCC[C@H]1C1=NC2=C(C=CC=C2C2=CC=CC=C2)S1
2025-11-16_00-56-46,172.19.240.1,CN[C@@H](C)C(=O)N[C@@H](C1CCCCC1)C(C(C)C1C=CCC(N2CCC3(CCC(C4CCC5=C(C4)N(CC(=O)O)N=C5C(F)(F)F)CC3)CC2)C1)N1CCC[C@H]1C1=NC2=C(C=CC=C2C2=CC=CC=C2)S1,[1*]C1CCC2=C(C1)N(CC(=O)O)N=C2C(F)(F)F,[1*]C1CCC2(CC1)CCN(C1CC=CC(C([2*])C)C1)CC2,[2*]C([C@@H](NC(=O)[C@H](C)NC)C1CCCCC1)N1CCC[C@H]1C1=NC2=C(C=CC=C2C2=CC=CC=C2)S1
2025-11-16_01-13-19,172.19.240.1,CN[C@@H](C)C(=O)N[C@@H](C1CCCCC1)C(C(C)CC(C)C1C=CCC(N2CCC3(CCC(C4CCC5=C(C4)N(CC(=O)O)N=C5C(F)(F)F)CC3)CC2)C1)N1CCC[C@H]1C1=NC2=C(C=CC=C2C2=CC=CC=C2)S1,[1*]C1CCC2=C(C1)N(CC(=O)O)N=C2C(F)(F)F,[1*]C1CCC2(CC1)CCN(C1CC=CC(C(C)CC([2*])C)C1)CC2,[2*]C([C@@H](NC(=O)[C@H](C)NC)C1CCCCC1)N1CCC[C@H]1C1=NC2=C(C=CC=C2C2=CC=CC=C2)S1
2025-11-16_01-28-06,172.19.240.1,CN[C@@H](C)C(=O)N[C@@H](C1CCCCC1)C(CC(C)CC(C)C1C=CCC(N2CCC3(CCC(C4CCC5=C(C4)N(CC(=O)O)N=C5C(F)(F)F)CC3)CC2)C1)N1CCC[C@H]1C1=NC2=C(C=CC=C2C2=CC=CC=C2)S1,[1*]C1CCC2=C(C1)N(CC(=O)O)N=C2C(F)(F)F,[1*]C1CCC2(CC1)CCN(C1CC=CC(C(C)CC(C)C[2*])C1)CC2,[2*]C([C@@H](NC(=O)[C@H](C)NC)C1CCCCC1)N1CCC[C@H]1C1=NC2=C(C=CC=C2C2=CC=CC=C2)S1
2025-11-16_06-37-21,172.19.240.1,CCC(=O)/N=C\[C@H]1CC[C@H]2CC[C@@H](C(=O)NCC3=CC=CC=C3)N2C(=O)[C@H]1NC(=O)[C@H](C)NCCCCCCCCCCN1CCN(CC(=O)NC(=O)CN2N=C(C(F)(F)F)C3=C2CCCC3)CC1,[1*]NC(=O)CN1N=C(C(F)(F)F)C2=C1CCCC2,[1*]C(=O)CN1CCN(CCCCCCCCCC[2*])CC1,[2*]N[C@@H](C)C(=O)N[C@@H]1C(=O)N2[C@@H](CC[C@@H]1/C=N\C(=O)CC)CC[C@H]2C(=O)NCC1=CC=CC=C1
2025-11-16_20-43-32,172.19.240.1,O=C(O)C1=NOC(CC(=O)N2CCN(C(=O)N3CCC[C@H]([C@]4(CC5=CC(Cl)=CC=C5)C(=O)NC5=C4C=CC(Cl)=C5)C3)CC2)=C1,[1*]C1=CC(C(=O)O)=NO1,[1*]CC(=O)N1CCN([2*])CC1,[2*]C(=O)N1CCC[C@H]([C@]2(CC3=CC(Cl)=CC=C3)C(=O)NC3=C2C=CC(Cl)=C3)C1
2025-11-16_20-54-28,172.19.240.1,CC(CN(C[C@@H](O)[C@H](CC1=CC=CC=C1)NC(=O)O[C@H]1CO[C@H]2OCC[C@H]21)S(=O)(=O)C1=CC=C(N)C=C1)N1CCN(C(=O)N(CC2=CC=C(C3=CN=CO3)C=C2)C(=O)[C@@H]2C[C@@H](O)CN2C(=O)CC(C)(C)C)CC1,[1*]C(C)CN(C[C@@H](O)[C@H](CC1=CC=CC=C1)NC(=O)O[C@H]1CO[C@H]2OCC[C@H]21)S(=O)(=O)C1=CC=C(N)C=C1,[1*]N1CCN(C([2*])=O)CC1,[2*]N(CC1=CC=C(C2=CN=CO2)C=C1)C(=O)[C@@H]1C[C@@H](O)CN1C(=O)CC(C)(C)C
2025-11-16_21-00-51,172.19.240.1,CC(C)OC1=C(C2=N[C@@H](C3=CC=C(Cl)C=C3)[C@@H](C3=CC=C(Cl)C=C3)N2C(=O)N2CCNC(=O)C2)C=CC(OC(=O)N2CCN(N(C(=O)C(=O)NC3=CC=C(Cl)C=C3)C3CC(C)(C)NC(C)(C)C3)CC2)=C1,[1*]N(C(=O)C(=O)NC1=CC=C(Cl)C=C1)C1CC(C)(C)NC(C)(C)C1,[1*]N1CCN(C([2*])=O)CC1,[2*]OC1=CC(OC(C)C)=C(C2=N[C@@H](C3=CC=C(Cl)C=C3)[C@@H](C3=CC=C(Cl)C=C3)N2C(=O)N2CCNC(=O)C2)C=C1
2025-11-16_21-08-40,172.19.240.1,CC1(C)CC(NC(=O)C(=O)NC2=CC=C(Cl)C=C2C(=O)N2CCN(C3=CC=CC4=C3C(=O)N([C@H]3CCC(=O)NC3=O)C4=O)CC2)CC(C)(C)N1,[1*]C1=CC(Cl)=CC=C1NC(=O)C(=O)NC1CC(C)(C)NC(C)(C)C1,[1*]C(=O)N1CCN([2*])CC1,[2*]C1=CC=CC2=C1C(=O)N([C@H]1CCC(=O)NC1=O)C2=O
2025-11-16_22-11-09,172.19.240.1,COC(=O)N[C@H](C(=O)NN(CC1=CC=C(C2=CC=CC=N2)C=C1)C[C@H](O)[C@H](CC1=CC=CC=C1)NC(=O)[C@@H](NC(=O)OC(=O)N1CCN(C(=O)C2=CC=C(NC(=O)[C@@H]3N[C@@H](CC(C)(C)C)[C@@]4(C(=O)NC5=CC(Cl)=CC=C54)[C@H]3C3=CC=CC(Cl)=C3F)C=C2)CC1)C(C)(C)C)C(C)(C)C,[1*]OC(=O)N[C@H](C(=O)N[C@@H](CC1=CC=CC=C1)[C@@H](O)CN(CC1=CC=C(C2=CC=CC=N2)C=C1)NC(=O)[C@@H](NC(=O)OC)C(C)(C)C)C(C)(C)C,[1*]C(=O)N1CCN([2*])CC1,[2*]C(=O)C1=CC=C(NC(=O)[C@@H]2N[C@@H](CC(C)(C)C)[C@@]3(C(=O)NC4=CC(Cl)=CC=C43)[C@H]2C2=CC=CC(Cl)=C2F)C=C1
2025-11-16_22-24-06,172.19.240.1,O=C1CC[C@H](N2C(=O)C3=C\C=C(N4CCN(C(=O)OC(=O)CC5=CC(Cl)=C(Cl)C=C5)CC4)/C=C\3C2=O)C(=O)N1,[1*]OC(=O)CC1=CC(Cl)=C(Cl)C=C1,[1*]C(=O)N1CCN([2*])CC1,[2*]C1=CC=C2C(=O)N([C@H]3CCC(=O)NC3=O)C(=O)C2=C1
2025-11-16_22-37-13,172.19.240.1,CC(CN(C[C@@H](O)[C@H](CC1=CC=CC=C1)NC(=O)O[C@H]1CO[C@H]2OCC[C@H]21)S(=O)(=O)C1=CC=C(N)C=C1)C(=O)N1CCN(C[C@@H](O)CCNC(=O)[C@@H]2N[C@@H](CC(C)(C)C)[C@](C#N)(C3=C(F)C=C(Cl)C=C3)[C@H]2C2=C(F)C(Cl)=CC=C2)CC1,[1*]C(C)CN(C[C@@H](O)[C@H](CC1=CC=CC=C1)NC(=O)O[C@H]1CO[C@H]2OCC[C@H]21)S(=O)(=O)C1=CC=C(N)C=C1,[1*]C(=O)N1CCN([2*])CC1,[2*]C[C@@H](O)CCNC(=O)[C@@H]1N[C@@H](CC(C)(C)C)[C@](C#N)(C2=C(F)C=C(Cl)C=C2)[C@H]1C1=C(F)C(Cl)=CC=C1
2025-11-16_22-40-12,172.19.240.1,COC1=CC(C(=O)CC(=O)NCCOCCOCC(=O)N[C@@H](CCCCNC(=O)C2=CC=C3C(=C2)C(=O)OC32C3=CC=C(O)C=C3OC3=CC(O)=CC=C32)C(=O)NCCOCCOCC(=O)C(=O)CC2=CC(Cl)=C(Cl)C=C2)=CC=C1NC(=O)[C@@H]1N[C@@H](CC(C)(C)C)[C@@]2(C(=O)NC3=C2SC(Cl)=C3)[C@H]1C1=CC=CC(Cl)=C1F,[1*]C(=O)CC1=CC(Cl)=C(Cl)C=C1,[1*]C(=O)COCCOCCNC(=O)[C@H](CCCCNC(=O)C1=CC=C2C(=C1)C(=O)OC21C2=CC=C(O)C=C2OC2=CC(O)=CC=C21)NC(=O)COCCOCCNC(=O)C[2*],[2*]C(=O)C1=CC=C(NC(=O)[C@@H]2N[C@@H](CC(C)(C)C)[C@@]3(C(=O)NC4=C3SC(Cl)=C4)[C@H]2C2=CC=CC(Cl)=C2F)C(OC)=C1
2025-11-16_23-08-07,172.19.240.1,CN(CC(=O)N1CCC(N2CCN(C(=O)CC(C(=O)N3C[C@H](O)C[C@H]3C(=O)NCC3=CC=C(C4=CN=CO4)C=C3)C(C)(C)C)CC2)C2=C1C=CC=C2)C/C1=N/C(=O)C2=CC=CC=C2N1,[1*]C1CCN(C(=O)CN(C)C/C2=N/C(=O)C3=CC=CC=C3N2)C2=C1C=CC=C2,[1*]N1CCN(C(=O)C[2*])CC1,[2*]C(C(=O)N1C[C@H](O)C[C@H]1C(=O)NCC1=CC=C(C2=CN=CO2)C=C1)C(C)(C)C
2025-11-16_23-22-22,172.19.240.1,COC1=CC=C(Br)C(OC(=O)N2CCN(C[C@@H](O)CCNC(=O)[C@@H]3N[C@@H](CC(C)(C)C)[C@](C#N)(C4=CC=C(Cl)C=C4)[C@H]3C3=CC(Cl)=CC=C3)CC2)=C1C(=O)O,[1*]OC1=C(C(=O)O)C(OC)=CC=C1Br,[1*]C(=O)N1CCN([2*])CC1,[2*]C[C@@H](O)CCNC(=O)[C@@H]1N[C@@H](CC(C)(C)C)[C@](C#N)(C2=CC=C(Cl)C=C2)[C@H]1C1=CC(Cl)=CC=C1
2025-11-16_23-25-48,172.19.240.1,CC1=CC=CC(N2CCN(C(=O)NC3=CC=CC4=C3C(=O)N([C@H]3CCC(=O)NC3=O)C4=O)CC2)=C1OCC(=O)N[C@@H](CC1=CC=CC=C1)[C@H](O)C(=O)N1CSC(C)(C)[C@H]1C(=O)N[C@H]1C2=CC=CC=C2C[C@H]1O,[1*]C1=C(OCC(=O)N[C@@H](CC2=CC=CC=C2)[C@H](O)C(=O)N2CSC(C)(C)[C@H]2C(=O)N[C@H]2C3=CC=CC=C3C[C@H]2O)C(C)=CC=C1,[1*]N1CCN(C([2*])=O)CC1,[2*]NC1=CC=CC2=C1C(=O)N([C@H]1CCC(=O)NC1=O)C2=O
2025-11-16_23-48-45,172.19.240.1,CC(CCNC(=O)CCOCCOCCOCCOCCOCCNC(=O)CCOCCOCCOCCOCCOCC1=C/C=C2\C(=O)N([C@H]3CCC(=O)NC3=O)C(=O)\C2=C\1)CN(C[C@@H](O)[C@H](CC1=CC=CC=C1)NC(=O)O[C@H]1CO[C@H]2OCC[C@H]21)S(=O)(=O)C1=CC=C2OCOC2=C1,[1*]C(C)CN(C[C@@H](O)[C@H](CC1=CC=CC=C1)NC(=O)O[C@H]1CO[C@H]2OCC[C@H]21)S(=O)(=O)C1=CC=C2OCOC2=C1,[1*]CCNC(=O)CCOCCOCCOCCOCCOCCNC(=O)CCOCCOCCOCCOCCOC[2*],[2*]C1=CC=C2C(=O)N([C@H]3CCC(=O)NC3=O)C(=O)C2=C1
2025-11-16_23-57-23,172.19.240.1,CC(C)(C)C[C@@H]1N[C@@H](C(=O)NCC[C@H](O)CN2CCN(C(=O)C3=CC(Cl)=CC=C3NC(=O)C(=O)NC3CC(C)(C)NC(C)([V])C3)CC2)[C@H](C2=C(F)C(Cl)=CC=C2)[C@@]1(C#N)C1=C(F)C=C(Cl)C=C1,[1*]C1=CC(Cl)=CC=C1NC(=O)C(=O)NC1CC(C)(C)NC(C)([V])C1,[1*]C(=O)N1CCN([2*])CC1,[2*]C[C@@H](O)CCNC(=O)[C@@H]1N[C@@H](CC(C)(C)C)[C@](C#N)(C2=C(F)C=C(Cl)C=C2)[C@H]1C1=C(F)C(Cl)=CC=C1
2025-11-17_00-06-01,172.19.240.1,O=C1CC[C@H](N2C(=O)C3=C(C2=O)C(NC(=O)N2CCN(C4=CC(C(=O)O)=NO4)CC2)=CC=C3)C(=O)N1,[1*]C1=CC(C(=O)O)=NO1,[1*]N1CCN(C([2*])=O)CC1,[2*]NC1=CC=CC2=C1C(=O)N([C@H]1CCC(=O)NC1=O)C2=O
2025-11-17_13-21-31,172.19.240.1,COC(=O)N[C@H](C(=O)NN(CC1=CC=C(C2=CC=CC=N2)C=C1)C[C@H](O)[C@H](CC1=CC=CC=C1)NC(=O)[C@@H](NC(=O)N1CCN(C(=O)NC2=CC=CC3=C2C(=O)N([C@H]2CCC(=O)NC2=O)C3=O)CC1)C(C)(C)C)C(C)(C)C,[1*]C(=O)N[C@H](C(=O)N[C@@H](CC1=CC=CC=C1)[C@@H](O)CN(CC1=CC=C(C2=CC=CC=N2)C=C1)NC(=O)[C@@H](NC(=O)OC)C(C)(C)C)C(C)(C)C,[1*]N1CCN(C([2*])=O)CC1,[2*]NC1=CC=CC2=C1C(=O)N([C@H]1CCC(=O)NC1=O)C2=O
2025-11-17_13-40-28,172.19.240.1,O=C(COC1=CC=CC=C1)OC(=O)N1CCN(C(=O)N2CCN(C3=CC=C(Cl)C=C3)CC2)CC1,[1*]OC(=O)COC1=CC=CC=C1,[1*]C(=O)N1CCN([2*])CC1,[2*]C(=O)N1CCN(C2=CC=C(Cl)C=C2)CC1
2025-11-17_13-46-55,172.19.240.1,COC1=C(C(=O)O)C(OCCCCCCCCCCCCCCC[Re]2(CO)(CO)N3C=CC=C4/C=C\C5=C\C=C/N2C5=C/43)=CC=C1Br,[1*]OC1=CC=C(Br)C(OC)=C1C(=O)O,[1*]CCCCCCCCCCCCCC[2*],[2*]C[Re]1(CO)(CO)N2C=CC=C3/C=C\C4=C\C=C/N1C4=C/32
2025-11-18_19-34-31,172.19.240.1,CC(C)(C)[C@H](NC(=O)CO)C(=O)N1C[C@H](O)C[C@H]1C(=O)NCC1=CC=C(C2=C(NCCCN3C=C(COCCOCCOCCOCC4=CN(CC(=O)CN5CCN(C6=CC=C(C(=O)O)C=C6)CC5)N=N4)N=N3)N=CS2)C=C1,[1*]CN1CCN(C2=CC=C(C(=O)O)C=C2)CC1,[1*]C(=O)CN1C=C(COCCOCCOCCOCC2=CN(CCCN[2*])N=N2)N=N1,[2*]C1=C(C2=CC=C(CNC(=O)[C@@H]3C[C@@H](O)CN3C(=O)[C@@H](NC(=O)CO)C(C)(C)C)C=C2)SC=N1
2025-11-18_19-42-51,172.19.240.1,CC(C)(C)[C@H](NC(=O)CO)C(=O)N1C[C@H](O)C[C@H]1C(=O)NCC1=CC=C(C2=C(NCCCN3C=C(COCCOCCOCCOCC4=CN(CC(=O)CCN5CCN(C6=CC=C(C(=O)O)C=C6)CC5)N=N4)N=N3)N=CS2)C=C1,[1*]CN1CCN(C2=CC=C(C(=O)O)C=C2)CC1,[1*]CC(=O)CN1C=C(COCCOCCOCCOCC2=CN(CCCN[2*])N=N2)N=N1,[2*]C1=C(C2=CC=C(CNC(=O)[C@@H]3C[C@@H](O)CN3C(=O)[C@@H](NC(=O)CO)C(C)(C)C)C=C2)SC=N1
2025-11-19_23-55-18,172.19.240.1,C[C@@H]1CN(CC(=O)N2C[C@](C)(C#CCOC(=O)CN3N=C(C(F)(F)F)C4=C3CCCC4)C3=C2C=C([C@@H](O)C2=CC=C(F)C=C2)C=N3)[C@@H](CN2[C@H](C)COC[C@H]2C)CN1,[1*]OC(=O)CN1N=C(C(F)(F)F)C2=C1CCCC2,[1*]CC#C[2*],[2*][C@]1(C)CN(C(=O)CN2C[C@@H](C)NC[C@@H]2CN2[C@H](C)COC[C@H]2C)C2=C1N=CC([C@@H](O)C1=CC=C(F)C=C1)=C2
2025-11-20_00-12-01,172.19.240.1,C[C@@H]1CN(CC(=O)N2C[C@@](C)(C(=O)COCCOCCOCCN3C=C(CNC(=O)C(=O)CN4N=C(C(F)(F)F)C5=C4CCCC5)N=N3)C3=C2C=C([C@@H](O)C2=CC=C(F)C=C2)C=N3)[C@@H](CN2[C@H](C)COC[C@H]2C)CN1,[1*]C(=O)CN1N=C(C(F)(F)F)C2=C1CCCC2,[1*]C(=O)NCC1=CN(CCOCCOCCOCC([2*])=O)N=N1,[2*][C@]1(C)CN(C(=O)CN2C[C@@H](C)NC[C@@H]2CN2[C@H](C)COC[C@H]2C)C2=C1N=CC([C@@H](O)C1=CC=C(F)C=C1)=C2
2025-11-20_00-12-38,172.19.240.1,C[C@@H]1CN(CC(=O)N2C[C@](C)(CCC(=O)C(=O)CN3N=C(C(F)(F)F)C4=C3CCCC4)C3=C2C=C([C@@H](O)C2=CC=C(F)C=C2)C=N3)[C@@H](CN2[C@H](C)COC[C@H]2C)CN1,[1*]C(=O)CN1N=C(C(F)(F)F)C2=C1CCCC2,[1*]C(=O)CC[2*],[2*][C@]1(C)CN(C(=O)CN2C[C@@H](C)NC[C@@H]2CN2[C@H](C)COC[C@H]2C)C2=C1N=CC([C@@H](O)C1=CC=C(F)C=C1)=C2
2025-11-20_00-22-53,172.19.240.1,CC(C)CN(CC(COCCOCCOCCOCCOCCOCCOCCN1C=C(CCCCCCCCC(=O)[C@]2(C)CN(C(=O)CN3C[C@@H](C)NC[C@@H]3CN3[C@H](C)COC[C@H]3C)C3=C2N=CC([C@@H](O)C2=CC=C(F)C=C2)=C3)N=N1)[C@H](CC1=CC=CC=C1)NC(=O)O[C@H]1CO[C@H]2OCC[C@H]21)S(=O)(=O)C1=CC=C2OCOC2=C1,[1*][C@H](CN(CC(C)C)S(=O)(=O)C1=CC=C2OCOC2=C1)[C@H](CC1=CC=CC=C1)NC(=O)O[C@H]1CO[C@H]2OCC[C@H]21,[1*]COCCOCCOCCOCCOCCOCCOCCN1C=C(CCCCCCCCC([2*])=O)N=N1,[2*][C@]1(C)CN(C(=O)CN2C[C@@H](C)NC[C@@H]2CN2[C@H](C)COC[C@H]2C)C2=C1N=CC([C@@H](O)C1=CC=C(F)C=C1)=C2
2025-11-23_02-46-01,172.19.240.1,CC1(C)SCN(C(=O)[C@@H](O)[C@H](CC2=CC=CC=C2)NC(=O)[C@H](CS(C)(=O)=O)NC(=O)COC2=CC=CC3=C2C=CN=C3)[C@@H]1C(=O)N[C@H]1C2=CC=CC=C2C(C(=O)CC(/C2=C3\N=CC(Cl)=C3/C=C\C2)S(=O)(=O)C2=CC=C(S(N)(=O)=O)C=C2)[C@H]1O,[1*]C1C2=CC=CC=C2[C@H](NC(=O)[C@H]2N(C(=O)[C@@H](O)[C@H](CC3=CC=CC=C3)NC(=O)[C@H](CS(C)(=O)=O)NC(=O)COC3=CC=CC4=C3C=CN=C4)CSC2(C)C)[C@@H]1O,[1*]C(=O)C[2*],[2*]C(/C1=C2\N=CC(Cl)=C2/C=C\C1)S(=O)(=O)C1=CC=C(S(N)(=O)=O)C=C1
2025-11-23_02-51-09,172.19.240.1,CC1(C)SCN(C(=O)[C@@H](O)[C@H](CC2=CC=CC=C2)NC(=O)[C@H](CS(C)(=O)=O)NC(=O)COC2=CC=CC3=C2C=CN=C3)[C@@H]1C(=O)N[C@H]1C2=CC=CC=C2C(CC(=O)CC(/C2=C3\N=CC(Cl)=C3/C=C\C2)S(=O)(=O)C2=CC=C(S(N)(=O)=O)C=C2)[C@H]1O,[1*]C1C2=CC=CC=C2[C@H](NC(=O)[C@H]2N(C(=O)[C@@H](O)[C@H](CC3=CC=CC=C3)NC(=O)[C@H](CS(C)(=O)=O)NC(=O)COC3=CC=CC4=C3C=CN=C4)CSC2(C)C)[C@@H]1O,[1*]CC(=O)C[2*],[2*]C(/C1=C2\N=CC(Cl)=C2/C=C\C1)S(=O)(=O)C1=CC=C(S(N)(=O)=O)C=C1
2025-12-02_19-48-20,172.19.240.1,COC(=O)N[C@H](C(=O)NN(CC1=CC=C(C2=CC=CC=N2)C=C1)C[C@H](O)[C@H](CC1=CC=CC=C1)NC(=O)[C@@H](NC(=O)ONCC(=O)NCC(=O)NCC(=O)NCC(=O)NCC(=O)C1C[C@@H](C(=O)NCC2=CC=C(C3=C(C)N=CO3)C=C2)N(C(=O)CC(C)(C)C)C1)C(C)(C)C)C(C)(C)C,[1*]OC(=O)N[C@H](C(=O)N[C@@H](CC1=CC=CC=C1)[C@@H](O)CN(CC1=CC=C(C2=CC=CC=N2)C=C1)NC(=O)[C@@H](NC(=O)OC)C(C)(C)C)C(C)(C)C,[1*]NCC(=O)NCC(=O)NCC(=O)NCC(=O)NCC([2*])=O,[2*][C@@H]1C[C@@H](C(=O)NCC2=CC=C(C3=C(C)N=CO3)C=C2)N(C(=O)CC(C)(C)C)C1
2025-12-02_20-25-25,172.19.240.1,COC(=O)N[C@H](C(=O)NN(CC1=CC=C(C2=CC=CC=N2)C=C1)C[C@H](O)[C@H](CC1=CC=CC=C1)NC(=O)[C@@H](NC(=O)ON1CCN(C(=O)C2C[C@@H](C(=O)NCC3=CC=C(C4=C(C)N=CO4)C=C3)N(C(=O)CC(C)(C)C)C2)CC1)C(C)(C)C)C(C)(C)C,[1*]OC(=O)N[C@H](C(=O)N[C@@H](CC1=CC=CC=C1)[C@@H](O)CN(CC1=CC=C(C2=CC=CC=N2)C=C1)NC(=O)[C@@H](NC(=O)OC)C(C)(C)C)C(C)(C)C,[1*]N1CCN(C([2*])=O)CC1,[2*][C@@H]1C[C@@H](C(=O)NCC2=CC=C(C3=C(C)N=CO3)C=C2)N(C(=O)CC(C)(C)C)C1
2025-12-02_20-30-09,172.19.240.1,CC1=C(C2=CC=C(CNC(=O)[C@@H]3CC(N4CCN(C(=O)C(C)[C@H](NC(=O)COC5=CC=CC=C5)C(=O)N[C@@H](CC5=CC=CC=C5)[C@@H](O)[C@H]5O[C@@H]5CC5=CC=CC=C5)CC4)CN3C(=O)CC(C)(C)C)C=C2)OC=N1,[1*]C(C)[C@H](NC(=O)COC1=CC=CC=C1)C(=O)N[C@@H](CC1=CC=CC=C1)[C@@H](O)[C@H]1O[C@@H]1CC1=CC=CC=C1,[1*]C(=O)N1CCN([2*])CC1,[2*][C@@H]1C[C@@H](C(=O)NCC2=CC=C(C3=C(C)N=CO3)C=C2)N(C(=O)CC(C)(C)C)C1
2025-12-02_20-35-16,172.19.240.1,COC(=O)N[C@H](C(=O)NN(CC1=CC=C(C2=CC=CC=N2)C=C1)C[C@H](O)[C@H](CC1=CC=CC=C1)NC(=O)[C@@H](NC(=O)OC(=O)N1CCN(C2C[C@@H](C(=O)NCC3=CC=C(C4=C(C)N=CO4)C=C3)N(C(=O)CC(C)(C)C)C2)CC1)C(C)(C)C)C(C)(C)C,[1*]OC(=O)N[C@H](C(=O)N[C@@H](CC1=CC=CC=C1)[C@@H](O)CN(CC1=CC=C(C2=CC=CC=N2)C=C1)NC(=O)[C@@H](NC(=O)OC)C(C)(C)C)C(C)(C)C,[1*]C(=O)N1CCN([2*])CC1,[2*][C@@H]1C[C@@H](C(=O)NCC2=CC=C(C3=C(C)N=CO3)C=C2)N(C(=O)CC(C)(C)C)C1
2025-12-02_20-36-41,172.19.240.1,CC1=C(C2=CC=C(CNC(=O)[C@@H]3CC(N4CCN(C(=O)N5CCN(C6=CC=C(C(=O)O)C=C6)CC5)CC4)CN3C(=O)CC(C)(C)C)C=C2)OC=N1,[1*]N1CCN(C2=CC=C(C(=O)O)C=C2)CC1,[1*]C(=O)N1CCN([2*])CC1,[2*][C@@H]1C[C@@H](C(=O)NCC2=CC=C(C3=C(C)N=CO3)C=C2)N(C(=O)CC(C)(C)C)C1
2025-12-02_20-40-24,172.19.240.1,COC(=O)N[C@H](C(=O)NN(CC1=CC=C(C2=CC=CC=N2)C=C1)C[C@H](O)[C@H](CC1=CC=CC=C1)NC(=O)[C@@H](NC(=O)OC(=O)N1CCN(C2C[C@@H](C(=O)NCC3=CC=C(C4=C(C)N=CO4)C=C3)N(C(=O)CC(C)(C)C)C2)CC1)C(C)(C)C)C(C)(C)C,[1*]OC(=O)N[C@H](C(=O)N[C@@H](CC1=CC=CC=C1)[C@@H](O)CN(CC1=CC=C(C2=CC=CC=N2)C=C1)NC(=O)[C@@H](NC(=O)OC)C(C)(C)C)C(C)(C)C,[1*]C(=O)N1CCN([2*])CC1,[2*][C@@H]1C[C@@H](C(=O)NCC2=CC=C(C3=C(C)N=CO3)C=C2)N(C(=O)CC(C)(C)C)C1
2025-12-02_20-49-58,172.19.240.1,COC(=O)N[C@H](C(=O)NN(CC1=CC=C(C2=CC=CC=N2)C=C1)C[C@H](O)[C@H](CC1=CC=CC=C1)NC(=O)[C@@H](NC(=O)OC#CC1CCN(C2C[C@@H](C(=O)NCC3=CC=C(C4=C(C)N=CO4)C=C3)N(C(=O)CC(C)(C)C)C2)CC1)C(C)(C)C)C(C)(C)C,[1*]OC(=O)N[C@H](C(=O)N[C@@H](CC1=CC=CC=C1)[C@@H](O)CN(CC1=CC=C(C2=CC=CC=N2)C=C1)NC(=O)[C@@H](NC(=O)OC)C(C)(C)C)C(C)(C)C,[1*]C#CC1CCN([2*])CC1,[2*][C@@H]1C[C@@H](C(=O)NCC2=CC=C(C3=C(C)N=CO3)C=C2)N(C(=O)CC(C)(C)C)C1
2025-12-02_21-06-30,172.19.240.1,COC(=O)N[C@H](C(=O)NN(CC1=CC=C(C2=CC=CC=N2)C=C1)C[C@H](O)[C@H](CC1=CC=CC=C1)NC(=O)[C@@H](NC(=O)ON1CCN(C(=O)C2C[C@@H](C(=O)NCC3=CC=C(C4=C(C)N=CO4)C=C3)N(C(=O)CC(C)(C)C)C2)CC1)C(C)(C)C)C(C)(C)C,[1*]OC(=O)N[C@H](C(=O)N[C@@H](CC1=CC=CC=C1)[C@@H](O)CN(CC1=CC=C(C2=CC=CC=N2)C=C1)NC(=O)[C@@H](NC(=O)OC)C(C)(C)C)C(C)(C)C,[1*]N1CCN(C([2*])=O)CC1,[2*][C@@H]1C[C@@H](C(=O)NCC2=CC=C(C3=C(C)N=CO3)C=C2)N(C(=O)CC(C)(C)C)C1
2025-12-02_21-45-06,172.19.240.1,CC1=C(C2=CC=C(CNC(=O)[C@@H]3CC(N4CCN(C(=O)OC(=O)CC5=CC(Cl)=C(Cl)C=C5)CC4)CN3C(=O)CC(C)(C)C)C=C2)OC=N1,[1*]OC(=O)CC1=CC(Cl)=C(Cl)C=C1,[1*]C(=O)N1CCN([2*])CC1,[2*][C@@H]1C[C@@H](C(=O)NCC2=CC=C(C3=C(C)N=CO3)C=C2)N(C(=O)CC(C)(C)C)C1
2025-12-02_22-06-06,172.19.240.1,CC1=C(C2=CC=C(CNC(=O)[C@@H]3CC(C(=O)N4CCN(/C5=N/C6=CN=CC=C6N5C5=CC=C(CN6C(=O)SC7=CC=CC=C76)C=C5)CC4)CN3C(=O)CC(C)(C)C)C=C2)OC=N1,[1*]/C1=N/C2=CN=CC=C2N1C1=CC=C(CN2C(=O)SC3=CC=CC=C32)C=C1,[1*]N1CCN(C([2*])=O)CC1,[2*][C@@H]1C[C@@H](C(=O)NCC2=CC=C(C3=C(C)N=CO3)C=C2)N(C(=O)CC(C)(C)C)C1
2025-12-02_22-15-46,172.19.240.1,COC(=O)N[C@H](C(=O)NN(CC1=CC=C(C2=CC=CC=N2)C=C1)C[C@H](O)[C@H](CC1=CC=CC=C1)NC(=O)[C@@H](NC(=O)ON1CCN(C(=O)C2C[C@@H](C(=O)NCC3=CC=C(C4=C(C)N=CO4)C=C3)N(C(=O)CC(C)(C)C)C2)CC1)C(C)(C)C)C(C)(C)C,[1*]OC(=O)N[C@H](C(=O)N[C@@H](CC1=CC=CC=C1)[C@@H](O)CN(CC1=CC=C(C2=CC=CC=N2)C=C1)NC(=O)[C@@H](NC(=O)OC)C(C)(C)C)C(C)(C)C,[1*]N1CCN(C([2*])=O)CC1,[2*][C@@H]1C[C@@H](C(=O)NCC2=CC=C(C3=C(C)N=CO3)C=C2)N(C(=O)CC(C)(C)C)C1
2025-12-02_22-20-51,172.19.240.1,COC(=O)N[C@H](C(=O)NN(CC1=CC=C(C2=CC=CC=N2)C=C1)C[C@H](O)[C@H](CC1=CC=CC=C1)NC(=O)[C@@H](NC(=O)N1CCN(C(=O)C2C[C@@H](C(=O)NCC3=CC=C(C4=C(C)N=CO4)C=C3)N(C(=O)CC(C)(C)C)C2)CC1)C(C)(C)C)C(C)(C)C,[1*]C(=O)N[C@H](C(=O)N[C@@H](CC1=CC=CC=C1)[C@@H](O)CN(CC1=CC=C(C2=CC=CC=N2)C=C1)NC(=O)[C@@H](NC(=O)OC)C(C)(C)C)C(C)(C)C,[1*]N1CCN(C([2*])=O)CC1,[2*][C@@H]1C[C@@H](C(=O)NCC2=CC=C(C3=C(C)N=CO3)C=C2)N(C(=O)CC(C)(C)C)C1
2025-12-02_22-22-24,172.19.240.1,CC1=C(C2=CC=C(CNC(=O)[C@@H]3CC(C(=O)N4CCN(C5(C)CC(NC(=O)C(=O)NC6=CC=C(Cl)C=C6)CC(C)(C)N5)CC4)CN3C(=O)CC(C)(C)C)C=C2)OC=N1,[1*]C1(C)CC(NC(=O)C(=O)NC2=CC=C(Cl)C=C2)CC(C)(C)N1,[1*]N1CCN(C([2*])=O)CC1,[2*][C@@H]1C[C@@H](C(=O)NCC2=CC=C(C3=C(C)N=CO3)C=C2)N(C(=O)CC(C)(C)C)C1
2025-12-02_22-24-28,172.19.240.1,COC(=O)N[C@H](C(=O)NN(CC1=CC=C(C2=CC=CC=N2)C=C1)C[C@H](O)[C@H](CC1=CC=CC=C1)NC(=O)[C@@H](NC(=O)OC(=O)N1CCN(C2C[C@@H](C(=O)NCC3=CC=C(C4=C(C)N=CO4)C=C3)N(C(=O)CC(C)(C)C)C2)CC1)C(C)(C)C)C(C)(C)C,[1*]OC(=O)N[C@H](C(=O)N[C@@H](CC1=CC=CC=C1)[C@@H](O)CN(CC1=CC=C(C2=CC=CC=N2)C=C1)NC(=O)[C@@H](NC(=O)OC)C(C)(C)C)C(C)(C)C,[1*]C(=O)N1CCN([2*])CC1,[2*][C@@H]1C[C@@H](C(=O)NCC2=CC=C(C3=C(C)N=CO3)C=C2)N(C(=O)CC(C)(C)C)C1
2025-12-03_17-11-16,172.19.240.1,O=C1CC[C@H](N2C(=O)C3=C\C=C(N4CCOC(CCC(=O)N5CCN(CC6CN[C@H](CNC(=O)C(=O)NC7=CC=C(Cl)C(F)=C7)C7=CC=CC=C76)CC5)C4)/C=C\3C2=O)C(=O)N1,[1*]CC1CN[C@H](CNC(=O)C(=O)NC2=CC=C(Cl)C(F)=C2)C2=CC=CC=C21,[1*]N1CCN(C(=O)C[2*])CC1,[2*]CC1CN(C2=CC=C3C(=O)N([C@H]4CCC(=O)NC4=O)C(=O)C3=C2)CCO1
2025-12-03_17-43-23,172.19.240.1,COC(=O)N[C@H](C(=O)NN(CC1=CC=C(C2=CC=CC=N2)C=C1)C[C@H](O)[C@H](CC1=CC=CC=C1)NC(=O)[C@@H](NC(=O)CN1CCN(C(=O)C2=C/C=C3\C(=O)N([C@H]4CCC(=O)NC4=O)C(=O)\C3=C\2)CC1)C(C)(C)C)C(C)(C)C,[1*]CC(=O)N[C@H](C(=O)N[C@@H](CC1=CC=CC=C1)[C@@H](O)CN(CC1=CC=C(C2=CC=CC=N2)C=C1)NC(=O)[C@@H](NC(=O)OC)C(C)(C)C)C(C)(C)C,[1*]N1CCN(C([2*])=O)CC1,[2*]C1=CC=C2C(=O)N([C@H]3CCC(=O)NC3=O)C(=O)C2=C1
2025-12-06_06-25-50,172.19.240.1,COC(=O)N[C@H](C(=O)NN(CC1=CC=C(C2=CC=CC=N2)C=C1)C[C@H](O)[C@H](CC1=CC=CC=C1)NC(=O)[C@@H](NC(=O)OCC1CC(C#CCCC2C[C@]3(CCN2)COC2=C3/C=C\N3C(N4C=CC(=O)NC4=O)=CN=C23)CCN1)C(C)(C)C)C(C)(C)C,[1*]OC(=O)N[C@H](C(=O)N[C@@H](CC1=CC=CC=C1)[C@@H](O)CN(CC1=CC=C(C2=CC=CC=N2)C=C1)NC(=O)[C@@H](NC(=O)OC)C(C)(C)C)C(C)(C)C,[1*]CC1CC(C#CC[2*])CCN1,[2*]CC1C[C@]2(CCN1)COC1=C2C=CN2/C1=N\C=C/2N1C=CC(=O)NC1=O
2025-12-18_13-11-19,127.0.0.1,CC(C)N(C)C1=NC=NC2=C1C=NN2CC(=O)N1CCN(CC(=O)CC[C@H](NC(=O)[C@H](CC2=CC=CC=C2)NC[C@H](O)[C@H](CC2=CC=CC=C2)NC(=O)OC(C)(C)C)C(=O)N[C@@H](CC2=CC=CC=C2)C(N)=O)CC1,[1*]C(=O)CC[C@H](NC(=O)[C@H](CC1=CC=CC=C1)NC[C@H](O)[C@H](CC1=CC=CC=C1)NC(=O)OC(C)(C)C)C(=O)N[C@@H](CC1=CC=CC=C1)C(N)=O,[1*]CN1CCN(C(=O)C[2*])CC1,[2*]N1N=CC2=C1N=CN=C2N(C)C(C)C
2026-01-07_11-43-53,127.0.0.1,CC1=C([C@H](OC(C)(C)C)C(=O)O)C(C2=C(C)C3=C(C=C2)OC(CC(=O)NCC2=CC=C(C4=NNC=C5C6CC(C(=O)NCCCC(=O)CCC7=C(C8=CC=C(CNC(=O)[C@@H]9C[C@@H](O)CN9C(=O)[C@@H](NC(=O)C9(F)CC9)C(C)(C)C)C=C8)SC=N7)C(C6)C54)C=C2)CC3)=C2C=CN(CC3=CC=C(F)C(F)=C3)C2=N1,[1*]C1CCC2=C(C=CC(C3=C4C=CN(CC5=CC=C(F)C(F)=C5)C4=NC(C)=C3[C@H](OC(C)(C)C)C(=O)O)=C2C)O1,[1*]CC(=O)NCC1=CC=C(C2=NNC=C3C4CC(C(=O)NCCCC(=O)C[2*])C(C4)C32)C=C1,[2*]CC1=C(C2=CC=C(CNC(=O)[C@@H]3C[C@@H](O)CN3C(=O)[C@@H](NC(=O)C3(F)CC3)C(C)(C)C)C=C2)SC=N1
2026-01-07_14-29-36,127.0.0.1,COC1=CC(N=N)=CC(OC(=O)CC2=CC(Cl)=C(Cl)C=C2)=C1OCC(=O)NCCCNC(=O)COCOC1=CC(C(N)=O)=CC=C1NC(=O)[C@@H]1N[C@@H](CC(C)(C)C)[C@@]2(C(=O)NC3=C2SC(Cl)=C3)[C@H]1C1=CC=CC(Cl)=C1F,[1*]C(=O)CC1=CC(Cl)=C(Cl)C=C1,[1*]OC1=C(OCC(=O)NCCCNC(=O)CO[2*])C(OC)=CC(N=N)=C1,[2*]COC1=CC(C(N)=O)=CC=C1NC(=O)[C@@H]1N[C@@H](CC(C)(C)C)[C@@]2(C(=O)NC3=C2SC(Cl)=C3)[C@H]1C1=CC=CC(Cl)=C1F
2026-01-07_16-35-45,127.0.0.1,CC(C)(C)NC(=O)[C@@H]1C[C@@H]2CCCC[C@@H]2CN1C[C@@H](O)[C@H](CSC1=CC=CC=C1)NC(=O)C1=C(CC(=O)C2=C(C3=C(C4=CC=CC=C4)N=CN3CC3=CC=C(Cl)C=C3)C3=CC=C(Cl)C=C3N2)C(O)=CC=C1,[1*]C1=C(C(=O)N[C@@H](CSC2=CC=CC=C2)[C@H](O)CN2C[C@H]3CCCC[C@H]3C[C@H]2C(=O)NC(C)(C)C)C=CC=C1O,[1*]C[2*],[2*]C(=O)C1=C(C2=C(C3=CC=CC=C3)N=CN2CC2=CC=C(Cl)C=C2)C2=CC=C(Cl)C=C2N1
2026-01-07_19-57-05,127.0.0.1,O=C(O)CN1N=C(C(F)(F)F)C2=C1CC(CCC1=CC=C(O[C@H]3C[C@H](OC4CCN(CCOC5=NOC(CC6=CC7=C8NCCN8[C@H](C8=CC=CC=C8F)C=C7C=C6)=C5)CC4)C3)N=C1)CC2,[1*]CC1CCC2=C(C1)N(CC(=O)O)N=C2C(F)(F)F,[1*]CC1=CC=C(O[C@H]2C[C@H](OC3CCN(CCOC4=NOC(C[2*])=C4)CC3)C2)N=C1,[2*]C1=CC2=C3NCCN3[C@H](C3=CC=CC=C3F)C=C2C=C1
2026-01-07_20-03-44,127.0.0.1,CN[C@@H](C)C(=O)N[C@H](C(=O)N1CCC[C@H]1C1NC(C(=O)C2=CC=C(F)C(CCCC(=O)CN3C=C(COCCOCCOCC4=CN(CCCNCCCC5=C(OCC(=O)N[C@@H](CC6=CC=CC=C6)[C@@H](O)C(=O)N6CSC(C)(C)[C@H]6C(=O)N[C@H]6C7=CC=CC=C7C[C@H]6O)C(C)=CC=C5)N=N4)N=N3)=C2)CS1)C1CCCCC1,[1*]CCC1=C(OCC(=O)N[C@@H](CC2=CC=CC=C2)[C@@H](O)C(=O)N2CSC(C)(C)[C@H]2C(=O)N[C@H]2C3=CC=CC=C3C[C@H]2O)C(C)=CC=C1,[1*]CNCCCN1C=C(COCCOCCOCC2=CN(CC(=O)CC[2*])N=N2)N=N1,[2*]CC1=CC(C(=O)C2CSC([C@@H]3CCCN3C(=O)[C@@H](NC(=O)[C@H](C)NC)C3CCCCC3)N2)=CC=C1F
2026-01-07_20-22-05,127.0.0.1,CC1=C(C2=CC=C(CNC(=O)[C@@H]3C[C@@H](O)CN3C(=O)C3=CC=CC(CCC(CC(C)[C@H](NC(=O)COC4=CC=CC=C4)C(=O)N[C@@H](CC4=CC=CC=C4)[C@@H](O)[C@H]4O[C@@H]4CC4=CC=CC=C4)C(=O)C4CC4)=C3C)C=C2)SC=N1,[1*]C(C)[C@H](NC(=O)COC1=CC=CC=C1)C(=O)N[C@@H](CC1=CC=CC=C1)[C@@H](O)[C@H]1O[C@@H]1CC1=CC=CC=C1,[1*]CC(C[2*])C(=O)C1CC1,[2*]CC1=C(C)C(C(=O)N2C[C@H](O)C[C@H]2C(=O)NCC2=CC=C(C3=C(C)N=CS3)C=C2)=CC=C1
2026-01-08_07-02-15,127.0.0.1,COC1=C(C(=O)O)C(OCCCOC(=O)C2=C(C(F)(F)F)N(C3=CC=CC(C4=CC=CC(OC(C)C)=C4)=N3)N=C2)=CC=C1Br,[1*]COC1=CC=C(Br)C(OC)=C1C(=O)O,[1*]CC[2*],[2*]OC(=O)C1=C(C(F)(F)F)N(C2=CC=CC(C3=CC=CC(OC(C)C)=C3)=N2)N=C1
2026-01-08_23-39-58,127.0.0.1,CC1=C(C2=CC=C(CNC(=O)[C@@H]3C[C@@H](O)CN3C(=O)[C@@H](NC(=O)[C@@H](NC(=O)COC(=O)[C@@H](CP(=O)(O)O)NCCCN3C=NC4=C(N)N=CN=C43)C(C)(C)C)C(C)(C)C)C=C2)SC=N1,[1*]OC(=O)[C@@H](CP(=O)(O)O)NCCCN1C=NC2=C(N)N=CN=C21,[1*]C[2*],[2*]C(=O)N[C@H](C(=O)N[C@H](C(=O)N1C[C@H](O)C[C@H]1C(=O)NCC1=CC=C(C2=C(C)N=CS2)C=C1)C(C)(C)C)C(C)(C)C
2026-01-08_23-52-57,127.0.0.1,CCCC1CO[C@H](C)CN1C(=O)C1=NSN=C1,[1*]CC,[1*]C[2*],[2*][C@@H]1CO[C@H](C)CN1C(=O)C1=NSN=C1
2026-01-15_13-56-04,127.0.0.1,COC(=O)N[C@H](C(=O)NN(CC1=CC=C(C2=CC=CC=N2)C=C1)C[C@H](O)[C@H](CC1=CC=CC=C1)NC(=O)[C@@H](NC(=O)NC(=O)C1C=CC(NS(=O)(=O)C2=CC=C(CN)C=C2)=C2N=CC(C#N)=C21)C(C)(C)C)C(C)(C)C,[1*]C(=O)N[C@H](C(=O)N[C@@H](CC1=CC=CC=C1)[C@@H](O)CN(CC1=CC=C(C2=CC=CC=N2)C=C1)NC(=O)[C@@H](NC(=O)OC)C(C)(C)C)C(C)(C)C,[1*]NC([2*])=O,[2*]C1C=CC(NS(=O)(=O)C2=CC=C(CN)C=C2)=C2N=CC(C#N)=C21
2026-01-15_14-04-25,127.0.0.1,COC(=O)N[C@H](C(=O)NN(CC1=CC=C(C2=CC=CC=N2)C=C1)C[C@H](O)[C@H](CC1=CC=CC=C1)NC(=O)[C@@H](NC(=O)NC(=O)C1C=CC(NS(=O)(=O)C2=CC=C(CN)C=C2)=C2N=CC(C#N)=C21)C(C)(C)C)C(C)(C)C,[1*]C(=O)N[C@H](C(=O)N[C@@H](CC1=CC=CC=C1)[C@@H](O)CN(CC1=CC=C(C2=CC=CC=N2)C=C1)NC(=O)[C@@H](NC(=O)OC)C(C)(C)C)C(C)(C)C,[1*]NC([2*])=O,[2*]C1C=CC(NS(=O)(=O)C2=CC=C(CN)C=C2)=C2N=CC(C#N)=C21
2026-01-15_14-13-09,127.0.0.1,COC(=O)N[C@H](C(=O)NN(CC1=CC=C(C2=CC=CC=N2)C=C1)C[C@H](O)[C@H](CC1=CC=CC=C1)NC(=O)[C@@H](NC(=O)NC(=O)C1C=CC(NS(=O)(=O)C2=CC=C(CN)C=C2)=C2N=CC(C#N)=C21)C(C)(C)C)C(C)(C)C,[1*]C(=O)N[C@H](C(=O)N[C@@H](CC1=CC=CC=C1)[C@@H](O)CN(CC1=CC=C(C2=CC=CC=N2)C=C1)NC(=O)[C@@H](NC(=O)OC)C(C)(C)C)C(C)(C)C,[1*]NC([2*])=O,[2*]C1C=CC(NS(=O)(=O)C2=CC=C(CN)C=C2)=C2N=CC(C#N)=C21
2026-01-15_14-16-06,127.0.0.1,N#CC1=C2C(=C(NS(=O)(=O)C3=CC=C(CN)C=C3)C=CC2C(=O)NC2=NC3=C(C=CC=C3Cl)S2)N=C1,[1*]NC1=NC2=C(C=CC=C2Cl)S1,[1*]C([2*])=O,[2*]C1C=CC(NS(=O)(=O)C2=CC=C(CN)C=C2)=C2N=CC(C#N)=C21
2026-01-15_14-17-31,127.0.0.1,N#CC1=C2C(=C(NS(=O)(=O)C3=CC=C(CN)C=C3)C=CC2C(=O)NC2=C3N=CN(CCO[C@H](CP(=O)(O)O)C(=O)O)C3=NC=N2)N=C1,[1*]C1=C2N=CN(CCO[C@H](CP(=O)(O)O)C(=O)O)C2=NC=N1,[1*]NC([2*])=O,[2*]C1C=CC(NS(=O)(=O)C2=CC=C(CN)C=C2)=C2N=CC(C#N)=C21
2026-01-15_14-22-01,127.0.0.1,N#CC1=C2C(=C(NS(=O)(=O)C3=CC=C(CN)C=C3)C=CC2NC(=O)OCCCCCOC2=CC=C(C[C@H](N)C(=O)O)C=C2)N=C1,[1*]OCCCCCOC1=CC=C(C[C@H](N)C(=O)O)C=C1,[1*]C(=O)N[2*],[2*]C1C=CC(NS(=O)(=O)C2=CC=C(CN)C=C2)=C2N=CC(C#N)=C21
2026-01-15_14-29-44,127.0.0.1,COC1=CC=C(Br)C(OC(=O)NC2C=CC(NS(=O)(=O)C3=CC=C(CN)C=C3)=C3N=CC(C#N)=C32)=C1C(=O)O,[1*]OC1=C(C(=O)O)C(OC)=CC=C1Br,[1*]C(=O)N[2*],[2*]C1C=CC(NS(=O)(=O)C2=CC=C(CN)C=C2)=C2N=CC(C#N)=C21
2026-01-15_14-32-37,127.0.0.1,N#CC1=C2C(=C(NS(=O)(=O)C3=CC=C(CN)C=C3)C=CC2CC#COC2=CC=C(S(=O)(=O)N(C[C@H]3CCC(=O)N3)C[C@@H](O)[C@H](CC3=CC=CC=C3)NC(=O)O[C@@H]3C[C@@H]4CCO[C@@H]4C3)C=C2)N=C1,[1*]OC1=CC=C(S(=O)(=O)N(C[C@H]2CCC(=O)N2)C[C@@H](O)[C@H](CC2=CC=CC=C2)NC(=O)O[C@@H]2C[C@@H]3CCO[C@@H]3C2)C=C1,[1*]C#CC[2*],[2*]C1C=CC(NS(=O)(=O)C2=CC=C(CN)C=C2)=C2N=CC(C#N)=C21
2026-01-16_13-43-32,127.0.0.1,CC(C)[C@H](NC(=O)COC1=CC=CC=C1)C(=O)N[C@@H](CC1=CC=CC=C1)[C@@H](O)C(NC(=O)CC1CCN(C2=CC3=C(C=C2)C(=O)N([C@H]2CCC(=O)NC2=O)C3=O)CC1)[C@H](O)CC1=CC=CC=C1,[1*][C@@H]([C@H](O)[C@H](CC1=CC=CC=C1)NC(=O)[C@@H](NC(=O)COC1=CC=CC=C1)C(C)C)[C@H](O)CC1=CC=CC=C1,[1*]NC(=O)C[2*],[2*]C1CCN(C2=CC3=C(C=C2)C(=O)N([C@H]2CCC(=O)NC2=O)C3=O)CC1
2026-01-26_20-54-27,127.0.0.1,COC1=CC=C(Br)C(OC)=C1C(=O)N1CC2(CN(CN3CCCC[C@@H]3[C@@H](C)OC3=CC=C4C(=O)N([C@H]5CCC(=O)NC5=O)CC4=C3)C2)C1,[1*]C(=O)C1=C(OC)C(Br)=CC=C1OC,[1*]N1CC2(C1)CN([2*])C2,[2*]CN1CCCC[C@@H]1[C@@H](C)OC1=CC=C2C(=O)N([C@H]3CCC(=O)NC3=O)CC2=C1
2026-01-28_17-36-31,127.0.0.1,CC(C)OC1=CC(OC2CN(CC3CN(C(C)CN(C[C@@H](O)[C@H](CC4=CC=CC=C4)NC(=O)O[C@H]4CO[C@H]5OCC[C@H]54)S(=O)(=O)C4=CC=C5OCOC5=C4)C3)C2)=CC=C1[C@H]1N[C@@H](C2=CC=C(Cl)C=C2)[C@@H](C2=CC=C(Cl)C=C2)N1C(=O)N1CCNC(=O)C1,[1*]C(C)CN(C[C@@H](O)[C@H](CC1=CC=CC=C1)NC(=O)O[C@H]1CO[C@H]2OCC[C@H]21)S(=O)(=O)C1=CC=C2OCOC2=C1,[1*]N1CC(CN2CC([2*])C2)C1,[2*]OC1=CC=C([C@H]2N[C@@H](C3=CC=C(Cl)C=C3)[C@@H](C3=CC=C(Cl)C=C3)N2C(=O)N2CCNC(=O)C2)C(OC(C)C)=C1
2026-02-10_14-19-04,127.0.0.1,CC1=CC(NC2=NC=NC3=CC=C(NC4=NC(C)(CC#CCC(=O)N5CCC[C@H]([C@]6(CC7=CC(Cl)=CC=C7)C(=O)NC7=CC(Cl)=CC=C76)C5)CO4)C=C32)=CC=C1OC1=CC2=NC=NN2C=C1,[1*]C1(C)COC(NC2=CC=C3N=CN=C(NC4=CC=C(OC5=CC6=NC=NN6C=C5)C(C)=C4)C3=C2)=N1,[1*]CC#C[2*],[2*]CC(=O)N1CCC[C@H]([C@]2(CC3=CC(Cl)=CC=C3)C(=O)NC3=CC(Cl)=CC=C32)C1
2026-02-10_16-07-12,127.0.0.1,CC1=CC(NC2=NC=NC3=CC=C(NC4=NC(C)(C)CO4)C=C32)=CC=C1OC1=CC2=NC(CCCCCCCCCCCCC(C)(C)C[C@@H]3N[C@@H](C(=O)NC4=CC=C(C(N)=O)C=C4)[C@H](C4=CC=CC(Cl)=C4F)[C@]34C(=O)NC3=C4C=CC(Cl)=C3)=NN2C=C1,[1*]CC1=NN2C=CC(OC3=CC=C(NC4=NC=NC5=CC=C(NC6=NC(C)(C)CO6)C=C54)C=C3C)=CC2=N1,[1*]CCCCCCCCCCC[2*],[2*]C(C)(C)C[C@@H]1N[C@@H](C(=O)NC2=CC=C(C(N)=O)C=C2)[C@H](C2=CC=CC(Cl)=C2F)[C@]12C(=O)NC1=C2C=CC(Cl)=C1
2026-02-10_16-22-12,127.0.0.1,CC1(C)COC(NC2=CC=C3N=CN=C(NC4=CC=C(OC5=CC6=NC=NN6C=C5)C(CCCCNC5=CC=CC6=C5C(=O)N([C@H]5CCC(=O)NC5=O)C6=O)=C4)C3=C2)=N1,[1*]CC1=CC(NC2=NC=NC3=CC=C(NC4=NC(C)(C)CO4)C=C32)=CC=C1OC1=CC2=NC=NN2C=C1,[1*]CCC[2*],[2*]NC1=CC=CC2=C1C(=O)N([C@H]1CCC(=O)NC1=O)C2=O
2026-02-10_16-24-30,127.0.0.1,CC1=CC(NC2=NC=NC3=CC=C(NC4=NC(C)(CCCNC5=CC=CC6=C5C(=O)N([C@H]5CCC(=O)NC5=O)C6=O)CO4)C=C32)=CC=C1OC1=CC2=NC=NN2C=C1,[1*]C1(C)COC(NC2=CC=C3N=CN=C(NC4=CC=C(OC5=CC6=NC=NN6C=C5)C(C)=C4)C3=C2)=N1,[1*]CCC[2*],[2*]NC1=CC=CC2=C1C(=O)N([C@H]1CCC(=O)NC1=O)C2=O
2026-02-10_16-41-44,127.0.0.1,CC1=CC(NC2=NC=NC3=CC=C(NC4=NC(C)(CCCNC5=CC=CC6=C5C(=O)N([C@H]5CCC(=O)NC5=O)C6=O)CO4)C=C32)=CC=C1OC1=CC2=NC=NN2C=C1,[1*]C1(C)COC(NC2=CC=C3N=CN=C(NC4=CC=C(OC5=CC6=NC=NN6C=C5)C(C)=C4)C3=C2)=N1,[1*]CCC[2*],[2*]NC1=CC=CC2=C1C(=O)N([C@H]1CCC(=O)NC1=O)C2=O
2026-02-10_16-58-25,127.0.0.1,CC1=CC(NC2=NC=NC3=CC=C(NC4=NC(C)(CCCC5=CC=CC6=C5C(=O)N([C@H]5CCC(=O)NC5=O)C6=O)CO4)C=C32)=CC=C1OC1=CC2=NC=NN2C=C1,[1*]C1(C)COC(NC2=CC=C3N=CN=C(NC4=CC=C(OC5=CC6=NC=NN6C=C5)C(C)=C4)C3=C2)=N1,[1*]CCC[2*],[2*]C1=CC=CC2=C1C(=O)N([C@H]1CCC(=O)NC1=O)C2=O
2026-02-10_17-03-05,127.0.0.1,CC1=CC(NC2=NC=NC3=CC=C(NC4=NC(C)(CCCC5=CC=CC6=C5C(=O)N([C@H]5CCC(=O)NC5=O)C6=O)CO4)C=C32)=CC=C1OC1=CC2=NC=NN2C=C1,[1*]C1(C)COC(NC2=CC=C3N=CN=C(NC4=CC=C(OC5=CC6=NC=NN6C=C5)C(C)=C4)C3=C2)=N1,[1*]CCC[2*],[2*]C1=CC=CC2=C1C(=O)N([C@H]1CCC(=O)NC1=O)C2=O
2026-02-10_17-21-59,127.0.0.1,CC1=CC(NC2=NC=NC3=CC=C(NC4=NC(C)(CCCC5=CC=CC6=C5C(=O)N([C@H]5CCC(=O)NC5=O)C6=O)CO4)C=C32)=CC=C1OC1=CC2=NC=NN2C=C1,[1*]C1(C)COC(NC2=CC=C3N=CN=C(NC4=CC=C(OC5=CC6=NC=NN6C=C5)C(C)=C4)C3=C2)=N1,[1*]CCC[2*],[2*]C1=CC=CC2=C1C(=O)N([C@H]1CCC(=O)NC1=O)C2=O
2026-02-10_17-42-46,127.0.0.1,CC1=CC(NC2=C(C#N)C=NC3=C2C=C(NC(=O)/C=C/CN(C)C)C(OCCC2=CC=CC4=C2C(=O)N([C@H]2CCC(=O)NC2=O)C4=O)=C3)=CC=C1OC1=CC2=NC=NN2C=C1,[1*]COC1=CC2=C(C=C1NC(=O)/C=C/CN(C)C)C(NC1=CC=C(OC3=CC4=NC=NN4C=C3)C(C)=C1)=C(C#N)C=N2,[1*]C[2*],[2*]C1=CC=CC2=C1C(=O)N([C@H]1CCC(=O)NC1=O)C2=O
2026-02-10_18-15-59,127.0.0.1,CC1=CC(NC2=C(C#N)C=NC3=C2C=C(NC(=O)/C=C/CN(C)C)C(OCCC2=CC=CC4=C2C(=O)N([C@H]2CCC(=O)NC2=O)C4=O)=C3)=CC=C1OC1=CC2=NC=NN2C=C1,[1*]COC1=CC2=C(C=C1NC(=O)/C=C/CN(C)C)C(NC1=CC=C(OC3=CC4=NC=NN4C=C3)C(C)=C1)=C(C#N)C=N2,[1*]C[2*],[2*]C1=CC=CC2=C1C(=O)N([C@H]1CCC(=O)NC1=O)C2=O
2026-02-10_18-17-34,127.0.0.1,CC1=CC(NC2=C(C#N)C=NC3=C2C=C(NC(=O)/C=C/CN(C)C)C(OCCC2=CC=CC4=C2C(=O)N([C@H]2CCC(=O)NC2=O)C4=O)=C3)=CC=C1OC1=CC2=NC=NN2C=C1,[1*]COC1=CC2=C(C=C1NC(=O)/C=C/CN(C)C)C(NC1=CC=C(OC3=CC4=NC=NN4C=C3)C(C)=C1)=C(C#N)C=N2,[1*]C[2*],[2*]C1=CC=CC2=C1C(=O)N([C@H]1CCC(=O)NC1=O)C2=O
2026-02-10_18-18-07,127.0.0.1,CC1=CC(NC2=C(C#N)C=NC3=C2C=C(NC(=O)/C=C/CN(C)C)C(OCCC2=CC=CC4=C2C(=O)N([C@H]2CCC(=O)NC2=O)C4=O)=C3)=CC=C1OC1=CC2=NC=NN2C=C1,[1*]COC1=CC2=C(C=C1NC(=O)/C=C/CN(C)C)C(NC1=CC=C(OC3=CC4=NC=NN4C=C3)C(C)=C1)=C(C#N)C=N2,[1*]C[2*],[2*]C1=CC=CC2=C1C(=O)N([C@H]1CCC(=O)NC1=O)C2=O
2026-02-10_18-20-17,127.0.0.1,CC1=CC(NC2=C(C#N)C=NC3=C2C=C(NC(=O)/C=C/CN(C)C)C(OCCC2=CC=CC4=C2C(=O)N([C@H]2CCC(=O)NC2=O)C4=O)=C3)=CC=C1OC1=CC2=NC=NN2C=C1,[1*]COC1=CC2=C(C=C1NC(=O)/C=C/CN(C)C)C(NC1=CC=C(OC3=CC4=NC=NN4C=C3)C(C)=C1)=C(C#N)C=N2,[1*]C[2*],[2*]C1=CC=CC2=C1C(=O)N([C@H]1CCC(=O)NC1=O)C2=O
2026-02-10_18-21-23,127.0.0.1,COC(=O)N[C@H](C(=O)NN(CC1=CC=C(C2=CC=CC=N2)C=C1)C[C@H](O)[C@H](CC1=CC=CC=C1)NC(=O)[C@@H](NC(=O)OCC1=CC=CC2=C1C(=O)N([C@H]1CCC(=O)NC1=O)C2=O)C(C)(C)C)C(C)(C)C,[1*]OC(=O)N[C@H](C(=O)N[C@@H](CC1=CC=CC=C1)[C@@H](O)CN(CC1=CC=C(C2=CC=CC=N2)C=C1)NC(=O)[C@@H](NC(=O)OC)C(C)(C)C)C(C)(C)C,[1*]C[2*],[2*]C1=CC=CC2=C1C(=O)N([C@H]1CCC(=O)NC1=O)C2=O
2026-02-10_18-34-03,127.0.0.1,COC(=O)N[C@H](C(=O)NN(CC1=CC=C(C2=CC=CC=N2)C=C1)C[C@H](O)[C@H](CC1=CC=CC=C1)NC(=O)[C@@H](NC(=O)OCC1=CC=CC2=C1C(=O)N([C@H]1CCC(=O)NC1=O)C2=O)C(C)(C)C)C(C)(C)C,[1*]OC(=O)N[C@H](C(=O)N[C@@H](CC1=CC=CC=C1)[C@@H](O)CN(CC1=CC=C(C2=CC=CC=N2)C=C1)NC(=O)[C@@H](NC(=O)OC)C(C)(C)C)C(C)(C)C,[1*]C[2*],[2*]C1=CC=CC2=C1C(=O)N([C@H]1CCC(=O)NC1=O)C2=O
2026-02-10_18-50-40,127.0.0.1,COC(=O)N[C@H](C(=O)NN(CC1=CC=C(C2=CC=CC=N2)C=C1)C[C@H](O)[C@H](CC1=CC=CC=C1)NC(=O)[C@@H](NC(=O)OCC1=CC=CC2=C1C(=O)N([C@H]1CCC(=O)NC1=O)C2=O)C(C)(C)C)C(C)(C)C,[1*]OC(=O)N[C@H](C(=O)N[C@@H](CC1=CC=CC=C1)[C@@H](O)CN(CC1=CC=C(C2=CC=CC=N2)C=C1)NC(=O)[C@@H](NC(=O)OC)C(C)(C)C)C(C)(C)C,[1*]C[2*],[2*]C1=CC=CC2=C1C(=O)N([C@H]1CCC(=O)NC1=O)C2=O
2026-02-10_18-58-43,127.0.0.1,COC(=O)N[C@H](C(=O)NN(CC1=CC=C(C2=CC=CC=N2)C=C1)C[C@H](O)[C@H](CC1=CC=CC=C1)NC(=O)[C@@H](NC(=O)OCC1=CC=CC2=C1C(=O)N([C@H]1CCC(=O)NC1=O)C2=O)C(C)(C)C)C(C)(C)C,[1*]OC(=O)N[C@H](C(=O)N[C@@H](CC1=CC=CC=C1)[C@@H](O)CN(CC1=CC=C(C2=CC=CC=N2)C=C1)NC(=O)[C@@H](NC(=O)OC)C(C)(C)C)C(C)(C)C,[1*]C[2*],[2*]C1=CC=CC2=C1C(=O)N([C@H]1CCC(=O)NC1=O)C2=O
2026-02-10_19-00-40,127.0.0.1,COC(=O)N[C@H](C(=O)NN(CC1=CC=C(C2=CC=CC=N2)C=C1)C[C@H](O)[C@H](CC1=CC=CC=C1)NC(=O)[C@@H](NC(=O)OCC1=CC=CC2=C1C(=O)N([C@H]1CCC(=O)NC1=O)C2=O)C(C)(C)C)C(C)(C)C,[1*]OC(=O)N[C@H](C(=O)N[C@@H](CC1=CC=CC=C1)[C@@H](O)CN(CC1=CC=C(C2=CC=CC=N2)C=C1)NC(=O)[C@@H](NC(=O)OC)C(C)(C)C)C(C)(C)C,[1*]C[2*],[2*]C1=CC=CC2=C1C(=O)N([C@H]1CCC(=O)NC1=O)C2=O
2026-02-10_19-17-31,127.0.0.1,COC(=O)N[C@H](C(=O)NN(CC1=CC=C(C2=CC=CC=N2)C=C1)C[C@H](O)[C@H](CC1=CC=CC=C1)NC(=O)[C@@H](NC(=O)OCC1=CC=CC2=C1C(=O)N([C@H]1CCC(=O)NC1=O)C2=O)C(C)(C)C)C(C)(C)C,[1*]OC(=O)N[C@H](C(=O)N[C@@H](CC1=CC=CC=C1)[C@@H](O)CN(CC1=CC=C(C2=CC=CC=N2)C=C1)NC(=O)[C@@H](NC(=O)OC)C(C)(C)C)C(C)(C)C,[1*]C[2*],[2*]C1=CC=CC2=C1C(=O)N([C@H]1CCC(=O)NC1=O)C2=O
2026-02-10_19-47-42,127.0.0.1,COC(=O)N[C@H](C(=O)NN(CC1=CC=C(C2=CC=CC=N2)C=C1)C[C@H](O)[C@H](CC1=CC=CC=C1)NC(=O)[C@@H](NC(=O)OCC1=CC=CC2=C1C(=O)N([C@H]1CCC(=O)NC1=O)C2=O)C(C)(C)C)C(C)(C)C,[1*]OC(=O)N[C@H](C(=O)N[C@@H](CC1=CC=CC=C1)[C@@H](O)CN(CC1=CC=C(C2=CC=CC=N2)C=C1)NC(=O)[C@@H](NC(=O)OC)C(C)(C)C)C(C)(C)C,[1*]C[2*],[2*]C1=CC=CC2=C1C(=O)N([C@H]1CCC(=O)NC1=O)C2=O
2026-02-10_20-09-16,127.0.0.1,COC(=O)N[C@H](C(=O)NN(CC1=CC=C(C2=CC=CC=N2)C=C1)C[C@H](O)[C@H](CC1=CC=CC=C1)NC(=O)[C@@H](NC(=O)OCC1=CC=CC2=C1C(=O)N([C@H]1CCC(=O)NC1=O)C2=O)C(C)(C)C)C(C)(C)C,[1*]OC(=O)N[C@H](C(=O)N[C@@H](CC1=CC=CC=C1)[C@@H](O)CN(CC1=CC=C(C2=CC=CC=N2)C=C1)NC(=O)[C@@H](NC(=O)OC)C(C)(C)C)C(C)(C)C,[1*]C[2*],[2*]C1=CC=CC2=C1C(=O)N([C@H]1CCC(=O)NC1=O)C2=O
2026-02-10_20-15-42,127.0.0.1,COC(=O)N[C@H](C(=O)NN(CC1=CC=C(C2=CC=CC=N2)C=C1)C[C@H](O)[C@H](CC1=CC=CC=C1)NC(=O)[C@@H](NC(=O)OCC1=CC=CC2=C1C(=O)N([C@H]1CCC(=O)NC1=O)C2=O)C(C)(C)C)C(C)(C)C,[1*]OC(=O)N[C@H](C(=O)N[C@@H](CC1=CC=CC=C1)[C@@H](O)CN(CC1=CC=C(C2=CC=CC=N2)C=C1)NC(=O)[C@@H](NC(=O)OC)C(C)(C)C)C(C)(C)C,[1*]C[2*],[2*]C1=CC=CC2=C1C(=O)N([C@H]1CCC(=O)NC1=O)C2=O
2026-02-10_21-03-44,127.0.0.1,COC(=O)N[C@H](C(=O)NN(CC1=CC=C(C2=CC=CC=N2)C=C1)C[C@H](O)[C@H](CC1=CC=CC=C1)NC(=O)[C@@H](NC(=O)OCC1=CC=CC2=C1C(=O)N([C@H]1CCC(=O)NC1=O)C2=O)C(C)(C)C)C(C)(C)C,[1*]OC(=O)N[C@H](C(=O)N[C@@H](CC1=CC=CC=C1)[C@@H](O)CN(CC1=CC=C(C2=CC=CC=N2)C=C1)NC(=O)[C@@H](NC(=O)OC)C(C)(C)C)C(C)(C)C,[1*]C[2*],[2*]C1=CC=CC2=C1C(=O)N([C@H]1CCC(=O)NC1=O)C2=O
2026-02-10_21-05-33,127.0.0.1,COC(=O)N[C@H](C(=O)N[C@@H](CC1=CC=CC=C1)[C@@H](O)CN(CC1=CC=C(C2=CC=CC=N2)C=C1)NC(=O)[C@@H](NC(=O)OCC1=CC=CC2=C1C(=O)N([C@H]1CCC(=O)NC1=O)C2=O)C(C)(C)C)C(C)(C)C,[1*]OC(=O)N[C@H](C(=O)NN(CC1=CC=C(C2=CC=CC=N2)C=C1)C[C@H](O)[C@H](CC1=CC=CC=C1)NC(=O)[C@@H](NC(=O)OC)C(C)(C)C)C(C)(C)C,[1*]C[2*],[2*]C1=CC=CC2=C1C(=O)N([C@H]1CCC(=O)NC1=O)C2=O
2026-02-10_21-06-10,127.0.0.1,COC(=O)N[C@H](C(=O)NN(CC1=CC=C(C2=CC=CC=N2)C=C1)C[C@H](O)[C@H](CC1=CC=CC=C1)NC(=O)[C@@H](NC(=O)OCC1=CC=CC2=C1C(=O)N([C@H]1CCC(=O)NC1=O)C2=O)C(C)(C)C)C(C)(C)C,[1*]OC(=O)N[C@H](C(=O)N[C@@H](CC1=CC=CC=C1)[C@@H](O)CN(CC1=CC=C(C2=CC=CC=N2)C=C1)NC(=O)[C@@H](NC(=O)OC)C(C)(C)C)C(C)(C)C,[1*]C[2*],[2*]C1=CC=CC2=C1C(=O)N([C@H]1CCC(=O)NC1=O)C2=O
2026-02-10_21-15-33,127.0.0.1,COC(=O)N[C@H](C(=O)NN(CC1=CC=C(C2=CC=CC=N2)C=C1)C[C@H](O)[C@H](CC1=CC=CC=C1)NC(=O)[C@@H](NC(=O)OCC1=CC=CC2=C1C(=O)N([C@H]1CCC(=O)NC1=O)C2=O)C(C)(C)C)C(C)(C)C,[1*]OC(=O)N[C@H](C(=O)N[C@@H](CC1=CC=CC=C1)[C@@H](O)CN(CC1=CC=C(C2=CC=CC=N2)C=C1)NC(=O)[C@@H](NC(=O)OC)C(C)(C)C)C(C)(C)C,[1*]C[2*],[2*]C1=CC=CC2=C1C(=O)N([C@H]1CCC(=O)NC1=O)C2=O
2026-02-10_21-46-34,127.0.0.1,COC(=O)N[C@H](C(=O)NN(CC1=CC=C(C2=CC=CC=N2)C=C1)C[C@H](O)[C@H](CC1=CC=CC=C1)NC(=O)[C@@H](NC(=O)OCC1=CC=CC2=C1C(=O)N([C@H]1CCC(=O)NC1=O)C2=O)C(C)(C)C)C(C)(C)C,[1*]OC(=O)N[C@H](C(=O)N[C@@H](CC1=CC=CC=C1)[C@@H](O)CN(CC1=CC=C(C2=CC=CC=N2)C=C1)NC(=O)[C@@H](NC(=O)OC)C(C)(C)C)C(C)(C)C,[1*]C[2*],[2*]C1=CC=CC2=C1C(=O)N([C@H]1CCC(=O)NC1=O)C2=O
2026-02-10_21-49-58,127.0.0.1,COC(=O)N[C@H](C(=O)NN(CC1=CC=C(C2=CC=CC=N2)C=C1)C[C@H](O)[C@H](CC1=CC=CC=C1)NC(=O)[C@@H](NC(=O)OCC1=CC=CC2=C1C(=O)N([C@H]1CCC(=O)NC1=O)C2=O)C(C)(C)C)C(C)(C)C,[1*]OC(=O)N[C@H](C(=O)N[C@@H](CC1=CC=CC=C1)[C@@H](O)CN(CC1=CC=C(C2=CC=CC=N2)C=C1)NC(=O)[C@@H](NC(=O)OC)C(C)(C)C)C(C)(C)C,[1*]C[2*],[2*]C1=CC=CC2=C1C(=O)N([C@H]1CCC(=O)NC1=O)C2=O
2026-02-10_22-23-53,127.0.0.1,COC(=O)N[C@H](C(=O)NN(CC1=CC=C(C2=CC=CC=N2)C=C1)C[C@H](O)[C@H](CC1=CC=CC=C1)NC(=O)[C@@H](NC(=O)OCC1=CC=CC2=C1C(=O)N([C@H]1CCC(=O)NC1=O)C2=O)C(C)(C)C)C(C)(C)C,[1*]OC(=O)N[C@H](C(=O)N[C@@H](CC1=CC=CC=C1)[C@@H](O)CN(CC1=CC=C(C2=CC=CC=N2)C=C1)NC(=O)[C@@H](NC(=O)OC)C(C)(C)C)C(C)(C)C,[1*]C[2*],[2*]C1=CC=CC2=C1C(=O)N([C@H]1CCC(=O)NC1=O)C2=O
2026-02-10_22-54-04,127.0.0.1,COC(=O)N[C@H](C(=O)NN(CC1=CC=C(C2=CC=CC=N2)C=C1)C[C@H](O)[C@H](CC1=CC=CC=C1)NC(=O)[C@@H](NC(=O)OCC1=CC=CC2=C1C(=O)N([C@H]1CCC(=O)NC1=O)C2=O)C(C)(C)C)C(C)(C)C,[1*]OC(=O)N[C@H](C(=O)N[C@@H](CC1=CC=CC=C1)[C@@H](O)CN(CC1=CC=C(C2=CC=CC=N2)C=C1)NC(=O)[C@@H](NC(=O)OC)C(C)(C)C)C(C)(C)C,[1*]C[2*],[2*]C1=CC=CC2=C1C(=O)N([C@H]1CCC(=O)NC1=O)C2=O
2026-02-10_23-01-31,127.0.0.1,COC(=O)N[C@H](C(=O)NN(CC1=CC=C(C2=CC=CC=N2)C=C1)C[C@H](O)[C@H](CC1=CC=CC=C1)NC(=O)[C@@H](NC(=O)OCC1=CC=CC2=C1C(=O)N([C@H]1CCC(=O)NC1=O)C2=O)C(C)(C)C)C(C)(C)C,[1*]OC(=O)N[C@H](C(=O)N[C@@H](CC1=CC=CC=C1)[C@@H](O)CN(CC1=CC=C(C2=CC=CC=N2)C=C1)NC(=O)[C@@H](NC(=O)OC)C(C)(C)C)C(C)(C)C,[1*]C[2*],[2*]C1=CC=CC2=C1C(=O)N([C@H]1CCC(=O)NC1=O)C2=O
2026-02-10_23-09-00,127.0.0.1,COC(=O)N[C@H](C(=O)N[C@@H](CC1=CC=CC=C1)[C@@H](O)CN(CC1=CC=C(C2=CC=CC=N2)C=C1)NC(=O)[C@@H](NC(=O)OCC1=CC=CC2=C1C(=O)N([C@H]1CCC(=O)NC1=O)C2=O)C(C)(C)C)C(C)(C)C,[1*]OC(=O)N[C@H](C(=O)NN(CC1=CC=C(C2=CC=CC=N2)C=C1)C[C@H](O)[C@H](CC1=CC=CC=C1)NC(=O)[C@@H](NC(=O)OC)C(C)(C)C)C(C)(C)C,[1*]C[2*],[2*]C1=CC=CC2=C1C(=O)N([C@H]1CCC(=O)NC1=O)C2=O
2026-02-10_23-10-28,127.0.0.1,COC(=O)N[C@H](C(=O)N[C@@H](CC1=CC=CC=C1)[C@@H](O)CN(CC1=CC=C(C2=CC=CC=N2)C=C1)NC(=O)[C@@H](NC(=O)OCC1=CC=CC2=C1C(=O)N([C@H]1CCC(=O)NC1=O)C2=O)C(C)(C)C)C(C)(C)C,[1*]OC(=O)N[C@H](C(=O)NN(CC1=CC=C(C2=CC=CC=N2)C=C1)C[C@H](O)[C@H](CC1=CC=CC=C1)NC(=O)[C@@H](NC(=O)OC)C(C)(C)C)C(C)(C)C,[1*]C[2*],[2*]C1=CC=CC2=C1C(=O)N([C@H]1CCC(=O)NC1=O)C2=O
2026-02-10_23-18-25,127.0.0.1,COC(=O)N[C@H](C(=O)NN(CC1=CC=C(C2=CC=CC=N2)C=C1)C[C@H](O)[C@H](CC1=CC=CC=C1)NC(=O)[C@@H](NC(=O)OCC1=CC=CC2=C1C(=O)N([C@H]1CCC(=O)NC1=O)C2=O)C(C)(C)C)C(C)(C)C,[1*]OC(=O)N[C@H](C(=O)N[C@@H](CC1=CC=CC=C1)[C@@H](O)CN(CC1=CC=C(C2=CC=CC=N2)C=C1)NC(=O)[C@@H](NC(=O)OC)C(C)(C)C)C(C)(C)C,[1*]C[2*],[2*]C1=CC=CC2=C1C(=O)N([C@H]1CCC(=O)NC1=O)C2=O
2026-02-10_23-26-44,127.0.0.1,COC(=O)N[C@H](C(=O)NN(CC1=CC=C(C2=CC=CC=N2)C=C1)C[C@H](O)[C@H](CC1=CC=CC=C1)NC(=O)[C@@H](NC(=O)OCC1=CC=CC2=C1C(=O)N([C@H]1CCC(=O)NC1=O)C2=O)C(C)(C)C)C(C)(C)C,[1*]OC(=O)N[C@H](C(=O)N[C@@H](CC1=CC=CC=C1)[C@@H](O)CN(CC1=CC=C(C2=CC=CC=N2)C=C1)NC(=O)[C@@H](NC(=O)OC)C(C)(C)C)C(C)(C)C,[1*]C[2*],[2*]C1=CC=CC2=C1C(=O)N([C@H]1CCC(=O)NC1=O)C2=O
2026-02-10_23-29-09,127.0.0.1,COC(=O)N[C@H](C(=O)NN(CC1=CC=C(C2=CC=CC=N2)C=C1)C[C@H](O)[C@H](CC1=CC=CC=C1)NC(=O)[C@@H](NC(=O)OCC1=CC=CC2=C1C(=O)N([C@H]1CCC(=O)NC1=O)C2=O)C(C)(C)C)C(C)(C)C,[1*]OC(=O)N[C@H](C(=O)N[C@@H](CC1=CC=CC=C1)[C@@H](O)CN(CC1=CC=C(C2=CC=CC=N2)C=C1)NC(=O)[C@@H](NC(=O)OC)C(C)(C)C)C(C)(C)C,[1*]C[2*],[2*]C1=CC=CC2=C1C(=O)N([C@H]1CCC(=O)NC1=O)C2=O
2026-02-10_23-33-23,127.0.0.1,COC(=O)N[C@H](C(=O)NN(CC1=CC=C(C2=CC=CC=N2)C=C1)C[C@H](O)[C@H](CC1=CC=CC=C1)NC(=O)[C@@H](NC(=O)OCC1=CC=CC2=C1C(=O)N([C@H]1CCC(=O)NC1=O)C2=O)C(C)(C)C)C(C)(C)C,[1*]OC(=O)N[C@H](C(=O)N[C@@H](CC1=CC=CC=C1)[C@@H](O)CN(CC1=CC=C(C2=CC=CC=N2)C=C1)NC(=O)[C@@H](NC(=O)OC)C(C)(C)C)C(C)(C)C,[1*]C[2*],[2*]C1=CC=CC2=C1C(=O)N([C@H]1CCC(=O)NC1=O)C2=O
2026-02-10_23-34-29,127.0.0.1,COC(=O)N[C@H](C(=O)NN(CC1=CC=C(C2=CC=CC=N2)C=C1)C[C@H](O)[C@H](CC1=CC=CC=C1)NC(=O)[C@@H](NC(=O)OCC1=CC=CC2=C1C(=O)N([C@H]1CCC(=O)NC1=O)C2=O)C(C)(C)C)C(C)(C)C,[1*]OC(=O)N[C@H](C(=O)N[C@@H](CC1=CC=CC=C1)[C@@H](O)CN(CC1=CC=C(C2=CC=CC=N2)C=C1)NC(=O)[C@@H](NC(=O)OC)C(C)(C)C)C(C)(C)C,[1*]C[2*],[2*]C1=CC=CC2=C1C(=O)N([C@H]1CCC(=O)NC1=O)C2=O
2026-02-10_23-36-11,127.0.0.1,COC(=O)N[C@H](C(=O)NN(CC1=CC=C(C2=CC=CC=N2)C=C1)C[C@H](O)[C@H](CC1=CC=CC=C1)NC(=O)[C@@H](NC(=O)OCC1=CC=CC2=C1C(=O)N([C@H]1CCC(=O)NC1=O)C2=O)C(C)(C)C)C(C)(C)C,[1*]OC(=O)N[C@H](C(=O)N[C@@H](CC1=CC=CC=C1)[C@@H](O)CN(CC1=CC=C(C2=CC=CC=N2)C=C1)NC(=O)[C@@H](NC(=O)OC)C(C)(C)C)C(C)(C)C,[1*]C[2*],[2*]C1=CC=CC2=C1C(=O)N([C@H]1CCC(=O)NC1=O)C2=O
2026-02-11_00-11-08,127.0.0.1,COC(=O)N[C@H](C(=O)NN(CC1=CC=C(C2=CC=CC=N2)C=C1)C[C@H](O)[C@H](CC1=CC=CC=C1)NC(=O)[C@@H](NC(=O)OCC1=CC=CC2=C1C(=O)N([C@H]1CCC(=O)NC1=O)C2=O)C(C)(C)C)C(C)(C)C,[1*]OC(=O)N[C@H](C(=O)N[C@@H](CC1=CC=CC=C1)[C@@H](O)CN(CC1=CC=C(C2=CC=CC=N2)C=C1)NC(=O)[C@@H](NC(=O)OC)C(C)(C)C)C(C)(C)C,[1*]C[2*],[2*]C1=CC=CC2=C1C(=O)N([C@H]1CCC(=O)NC1=O)C2=O
2026-02-11_00-14-50,127.0.0.1,COC(=O)N[C@H](C(=O)NN(CC1=CC=C(C2=CC=CC=N2)C=C1)C[C@H](O)[C@H](CC1=CC=CC=C1)NC(=O)[C@@H](NC(=O)OCC1=CC=CC2=C1C(=O)N([C@H]1CCC(=O)NC1=O)C2=O)C(C)(C)C)C(C)(C)C,[1*]OC(=O)N[C@H](C(=O)N[C@@H](CC1=CC=CC=C1)[C@@H](O)CN(CC1=CC=C(C2=CC=CC=N2)C=C1)NC(=O)[C@@H](NC(=O)OC)C(C)(C)C)C(C)(C)C,[1*]C[2*],[2*]C1=CC=CC2=C1C(=O)N([C@H]1CCC(=O)NC1=O)C2=O
2026-02-11_00-32-27,127.0.0.1,COC(=O)N[C@H](C(=O)NN(CC1=CC=C(C2=CC=CC=N2)C=C1)C[C@H](O)[C@H](CC1=CC=CC=C1)NC(=O)[C@@H](NC(=O)OCC1=CC=CC2=C1C(=O)N([C@H]1CCC(=O)NC1=O)C2=O)C(C)(C)C)C(C)(C)C,[1*]OC(=O)N[C@H](C(=O)N[C@@H](CC1=CC=CC=C1)[C@@H](O)CN(CC1=CC=C(C2=CC=CC=N2)C=C1)NC(=O)[C@@H](NC(=O)OC)C(C)(C)C)C(C)(C)C,[1*]C[2*],[2*]C1=CC=CC2=C1C(=O)N([C@H]1CCC(=O)NC1=O)C2=O
2026-02-11_00-35-02,127.0.0.1,COC(=O)N[C@H](C(=O)NN(CC1=CC=C(C2=CC=CC=N2)C=C1)C[C@H](O)[C@H](CC1=CC=CC=C1)NC(=O)[C@@H](NC(=O)OCC1=CC=CC2=C1C(=O)N([C@H]1CCC(=O)NC1=O)C2=O)C(C)(C)C)C(C)(C)C,[1*]OC(=O)N[C@H](C(=O)N[C@@H](CC1=CC=CC=C1)[C@@H](O)CN(CC1=CC=C(C2=CC=CC=N2)C=C1)NC(=O)[C@@H](NC(=O)OC)C(C)(C)C)C(C)(C)C,[1*]C[2*],[2*]C1=CC=CC2=C1C(=O)N([C@H]1CCC(=O)NC1=O)C2=O
2026-02-11_00-35-52,127.0.0.1,COC(=O)N[C@H](C(=O)NN(CC1=CC=C(C2=CC=CC=N2)C=C1)C[C@H](O)[C@H](CC1=CC=CC=C1)NC(=O)[C@@H](NC(=O)OCC1=CC=CC2=C1C(=O)N([C@H]1CCC(=O)NC1=O)C2=O)C(C)(C)C)C(C)(C)C,[1*]OC(=O)N[C@H](C(=O)N[C@@H](CC1=CC=CC=C1)[C@@H](O)CN(CC1=CC=C(C2=CC=CC=N2)C=C1)NC(=O)[C@@H](NC(=O)OC)C(C)(C)C)C(C)(C)C,[1*]C[2*],[2*]C1=CC=CC2=C1C(=O)N([C@H]1CCC(=O)NC1=O)C2=O
2026-02-11_00-50-25,127.0.0.1,COC(=O)N[C@H](C(=O)NN(CC1=CC=C(C2=CC=CC=N2)C=C1)C[C@H](O)[C@H](CC1=CC=CC=C1)NC(=O)[C@@H](NC(=O)OCC1=CC=CC2=C1C(=O)N([C@H]1CCC(=O)NC1=O)C2=O)C(C)(C)C)C(C)(C)C,[1*]OC(=O)N[C@H](C(=O)N[C@@H](CC1=CC=CC=C1)[C@@H](O)CN(CC1=CC=C(C2=CC=CC=N2)C=C1)NC(=O)[C@@H](NC(=O)OC)C(C)(C)C)C(C)(C)C,[1*]C[2*],[2*]C1=CC=CC2=C1C(=O)N([C@H]1CCC(=O)NC1=O)C2=O
2026-02-11_00-56-56,127.0.0.1,COC(=O)N[C@H](C(=O)NN(CC1=CC=C(C2=CC=CC=N2)C=C1)C[C@H](O)[C@H](CC1=CC=CC=C1)NC(=O)[C@@H](NC(=O)OCC1=CC=CC2=C1C(=O)N([C@H]1CCC(=O)NC1=O)C2=O)C(C)(C)C)C(C)(C)C,[1*]OC(=O)N[C@H](C(=O)N[C@@H](CC1=CC=CC=C1)[C@@H](O)CN(CC1=CC=C(C2=CC=CC=N2)C=C1)NC(=O)[C@@H](NC(=O)OC)C(C)(C)C)C(C)(C)C,[1*]C[2*],[2*]C1=CC=CC2=C1C(=O)N([C@H]1CCC(=O)NC1=O)C2=O
2026-02-11_00-57-55,127.0.0.1,COC(=O)N[C@H](C(=O)NN(CC1=CC=C(C2=CC=CC=N2)C=C1)C[C@H](O)[C@H](CC1=CC=CC=C1)NC(=O)[C@@H](NC(=O)OCC1=CC=CC2=C1C(=O)N([C@H]1CCC(=O)NC1=O)C2=O)C(C)(C)C)C(C)(C)C,[1*]OC(=O)N[C@H](C(=O)N[C@@H](CC1=CC=CC=C1)[C@@H](O)CN(CC1=CC=C(C2=CC=CC=N2)C=C1)NC(=O)[C@@H](NC(=O)OC)C(C)(C)C)C(C)(C)C,[1*]C[2*],[2*]C1=CC=CC2=C1C(=O)N([C@H]1CCC(=O)NC1=O)C2=O
2026-02-11_01-07-30,127.0.0.1,COC(=O)N[C@H](C(=O)NN(CC1=CC=C(C2=CC=CC=N2)C=C1)C[C@H](O)[C@H](CC1=CC=CC=C1)NC(=O)[C@@H](NC(=O)OCC1=CC=CC2=C1C(=O)N([C@H]1CCC(=O)NC1=O)C2=O)C(C)(C)C)C(C)(C)C,[1*]OC(=O)N[C@H](C(=O)N[C@@H](CC1=CC=CC=C1)[C@@H](O)CN(CC1=CC=C(C2=CC=CC=N2)C=C1)NC(=O)[C@@H](NC(=O)OC)C(C)(C)C)C(C)(C)C,[1*]C[2*],[2*]C1=CC=CC2=C1C(=O)N([C@H]1CCC(=O)NC1=O)C2=O
2026-02-11_01-09-51,127.0.0.1,COC(=O)N[C@H](C(=O)NN(CC1=CC=C(C2=CC=CC=N2)C=C1)C[C@H](O)[C@H](CC1=CC=CC=C1)NC(=O)[C@@H](NC(=O)OCC1=CC=CC2=C1C(=O)N([C@H]1CCC(=O)NC1=O)C2=O)C(C)(C)C)C(C)(C)C,[1*]OC(=O)N[C@H](C(=O)N[C@@H](CC1=CC=CC=C1)[C@@H](O)CN(CC1=CC=C(C2=CC=CC=N2)C=C1)NC(=O)[C@@H](NC(=O)OC)C(C)(C)C)C(C)(C)C,[1*]C[2*],[2*]C1=CC=CC2=C1C(=O)N([C@H]1CCC(=O)NC1=O)C2=O
2026-02-11_02-56-49,127.0.0.1,[H]C1=C([H])C(N([H])([H])CC#CC2=CN(CCC3CCN(C[C@H]4CCCN4C(=O)C4=CC=C(C5=NC(NCC6=C(Cl)C=CC=C6Cl)=C(N)N=C5)C=C4)C3)N=C2)=C2C(=O)N([C@]3([H])C(=O)N([H])C(=O)C([H])([H])C3([H])[H])C(=O)C2=C1[H],[1*]CC1CCN(C[C@H]2CCCN2C(=O)C2=CC=C(C3=NC(NCC4=C(Cl)C=CC=C4Cl)=C(N)N=C3)C=C2)C1,[1*]CN1C=C(C#CC[2*])C=N1,[2*]N([H])([H])C1=C2C(=O)N([C@]3([H])C(=O)N([H])C(=O)C([H])([H])C3([H])[H])C(=O)C2=C([H])C([H])=C1[H]
2026-02-11_17-47-13,127.0.0.1,COC(=O)N[C@H](C(=O)NN(CC1=CC=C(C2=CC=CC=N2)C=C1)C[C@H](O)[C@H](CC1=CC=CC=C1)NC(=O)[C@@H](NC(=O)N1CC(N2CC3(CN(C(=O)NC4=CC=CC5=C4CN([C@H]4CCC(=O)NC4=O)C5=O)C3)C2)C1)C(C)(C)C)C(C)(C)C,[1*]C(=O)N[C@H](C(=O)N[C@@H](CC1=CC=CC=C1)[C@@H](O)CN(CC1=CC=C(C2=CC=CC=N2)C=C1)NC(=O)[C@@H](NC(=O)OC)C(C)(C)C)C(C)(C)C,[1*]N1CC(N2CC3(CN(C([2*])=O)C3)C2)C1,[2*]NC1=CC=CC2=C1CN([C@H]1CCC(=O)NC1=O)C2=O
2026-02-11_18-22-07,127.0.0.1,CCCCNC1=C2C(=O)N([C@H]3CCC(=O)NC3=O)C(=O)C2=CC=C1,[1*]CC,[1*]CC[2*],[2*]NC1=C2C(=O)N([C@H]3CCC(=O)NC3=O)C(=O)C2=CC=C1
2026-04-07_17-33-58,127.0.0.1,CC1=C(CCN2CCC3(CC2)CCN(C[C@H](N)C(=O)N[C@@H]2C(=O)N4[C@@H](CC[C@@H]2CO)CC[C@H]4C(=O)NC(C2=CC=CC=C2)C2=CC=CC=C2)CC3)SC([C@@H](NC(=O)C(=O)NC2=CC=C(Cl)C=C2)[C@@H]2CCCCN2)=N1,[1*]CCC1=C(C)N=C([C@@H](NC(=O)C(=O)NC2=CC=C(Cl)C=C2)[C@@H]2CCCCN2)S1,[1*]N1CCC2(CC1)CCN([2*])CC2,[2*]C[C@H](N)C(=O)N[C@@H]1C(=O)N2[C@@H](CC[C@@H]1CO)CC[C@H]2C(=O)NC(C1=CC=CC=C1)C1=CC=CC=C1
2026-04-21_18-34-44,127.0.0.1,O=C1CCC(N2C(=O)C3=CC=CC(NC(=O)NCCCCCCCCCCCC(=O)N4CCN(C(=O)C5=CC(CC6=NNC(=O)C7=C6C=CC=C7)=CC=C5F)CC4)=C3C2=O)C(=O)N1,[1*]CC(=O)N1CCN(C(=O)C2=CC(CC3=NNC(=O)C4=C3C=CC=C4)=CC=C2F)CC1,[1*]CCCCCCCCCCNC([2*])=O,[2*]NC1=C2C(=O)N(C3CCC(=O)NC3=O)C(=O)C2=CC=C1
2026-04-28_14-19-19,127.0.0.1,CC1=C(C2=CN=CS2)C=CC(C(NC(=O)[C@@H]2C[C@@H](O)CN2C(=O)CC(C)(C)C)C(=O)NC2=CC=CC3=C2C(=O)N([C@H]2CCC(=O)NC2=O)C3=O)=C1,[1*]NC1=CC=CC2=C1C(=O)N([C@H]1CCC(=O)NC1=O)C2=O,[1*]C([2*])=O,[2*]C(NC(=O)[C@@H]1C[C@@H](O)CN1C(=O)CC(C)(C)C)C1=CC(C)=C(C2=CN=CS2)C=C1
2026-04-29_09-06-19,127.0.0.1,NC1=C(C2CCC2N(CC2=CC=CC=C2CCCC(O)=N[C@@H](C(=O)O)C2=CC=C(F)C=C2)CC2CCNCC2)C=CC2=C1C(=O)N(C1CCC(=O)NC1=O)C2=O,[1*]C1=CC=CC=C1CCCC(O)=N[C@@H](C(=O)O)C1=CC=C(F)C=C1,[1*]CN(CC1CCNCC1)C1CCC1[2*],[2*]C1=C(N)C2=C(C=C1)C(=O)N(C1CCC(=O)NC1=O)C2=O
2026-05-19_09-15-11,127.0.0.1,CC(C)(C)C[C@@H]1N[C@@H](C(=O)NC2=CC=C(C(N)=O)C=C2OCC2=CC=C(C(=O)CC3=CC(Cl)=C(Cl)C=C3)C=C2)[C@H](C2=CC=CC(Cl)=C2F)[C@]12C(=O)NC1=C2SC(Cl)=C1,[1*]C(=O)CC1=CC(Cl)=C(Cl)C=C1,[1*]C1=CC=C(C[2*])C=C1,[2*]OC1=CC(C(N)=O)=CC=C1NC(=O)[C@@H]1N[C@@H](CC(C)(C)C)[C@@]2(C(=O)NC3=C2SC(Cl)=C3)[C@H]1C1=CC=CC(Cl)=C1F
2026-05-21_10-53-57,192.168.1.154,COC(=O)N[C@H](C(=O)NN(Cc1ccc(-c2ccccn2)cc1)C[C@H](O)[C@H](Cc1ccccc1)NC(=O)[C@@H](NC(=O)OC(=O)CNC(=O)CNC(=O)CNC(=O)CNC(=O)CNc1cccc2c1C(=O)N([C@H]1CCC(=O)NC1=O)C2=O)C(C)(C)C)C(C)(C)C,[1*]OC(=O)N[C@H](C(=O)N[C@@H](Cc1ccccc1)[C@@H](O)CN(Cc1ccc(-c2ccccn2)cc1)NC(=O)[C@@H](NC(=O)OC)C(C)(C)C)C(C)(C)C,[1*]C(=O)CNC(=O)CNC(=O)CNC(=O)CNC(=O)C[2*],[2*]Nc1cccc2c1C(=O)N([C@H]1CCC(=O)NC1=O)C2=O
